-- phpMyAdmin SQL Dump
-- version 3.2.3
-- http://www.phpmyadmin.net
--
-- Host: localhost
-- Generation Time: Nov 17, 2011 at 10:54 PM
-- Server version: 5.1.40
-- PHP Version: 5.2.12

SET SQL_MODE="NO_AUTO_VALUE_ON_ZERO";
SET AUTOCOMMIT=0;
START TRANSACTION;

--
-- Database: `osp`
--

--
-- Dumping data for table `groups`
--

INSERT INTO `groups` (`id`, `name`, `description`) VALUES
(1, 'admin', 'Administrator'),
(2, 'members', 'General User');

--
-- Dumping data for table `import_data_templates`
--

INSERT INTO `import_data_templates` (`id`, `name`, `values`) VALUES
(12, 'Импорт прайса цен', 'code||name||price_eur'),
(11, 'Fly | механика', 'cct_ref||num||code||name||0||0||0||region_8||region_7||region_13||region_14||region_15||region_16||region_17||region_18||region_19||comment'),
(13, 'Nokia | пайка', 'cct_ref||code||type||name||0||0||0||0||region_8||region_7||region_13||region_14||region_15||region_16||region_17||region_18||region_19||comment');

--
-- Dumping data for table `meta`
--

INSERT INTO `meta` (`id`, `user_id`, `first_name`, `last_name`, `company`, `phone`) VALUES
(1, 1, 'Admin', 'istrator', 'ADMIN', '0');

--
-- Dumping data for table `pages`
--

INSERT INTO `pages` (`id`, `type`, `uri`, `lang`, `title`, `body`, `keywords`, `description`, `status`, `created`, `last_edited`, `disabled`, `removed`) VALUES
(1, 0, 'how-to-order', 'ru', 'Как заказать', '<h1>Как заказать</h1>\r\n<p>Sample <strong>page</strong></p>', 'sample page', 'sample page,', 1, '2011-10-18 23:33:02', '2011-11-01 20:47:30', '2011-08-06 19:08:20', 1),
(2, 1, 'contacts', 'ru', 'Контакты', '<h1>Контакты</h1>\r\n<p>Текст страницы контактов</p>', '', '', 1, '2011-07-23 00:26:03', '2011-11-04 02:16:09', '2011-08-07 14:27:16', 1),
(8, 1, 'contacts', 'ru', 'Связаться с нами', 'Текст страницы контакты', '', '', 1, '2011-08-07 12:58:16', '2011-09-23 01:04:49', '0000-00-00 00:00:00', 0),
(22, 1, 'legal-information', 'ru', 'Правовая информация', 'Правовая информация', '', '', 1, '2011-09-23 02:03:40', '2011-09-23 02:04:01', '0000-00-00 00:00:00', 0),
(23, 1, 'terms-and-conditions', 'ru', 'Пользовательское соглашение', 'Пользовательское соглашение', '', '', 1, '2011-09-23 02:04:48', '2011-09-23 02:05:05', '0000-00-00 00:00:00', 0),
(24, 1, 'help', 'ru', 'Помощь', 'Помощь', '', '', 1, '2011-09-23 02:05:55', '2011-09-24 02:06:14', '0000-00-00 00:00:00', 0),
(25, 1, 'index', 'ru', 'Главная', '<p>Главная страница</p>', '', '', 1, '2011-09-30 02:13:43', '2011-11-04 02:52:20', '0000-00-00 00:00:00', 0);

--
-- Dumping data for table `parts`
--

INSERT INTO `parts` (`id`, `code`, `name`, `vendor_id`, `type`, `ptype`, `name_rus`, `url`, `mktel_has`, `price`, `show`, `min_num`) VALUES
(1, '6300314', 'HS-50W TRANSPARENT EAR PADS BOX', 40, 'c', '', '', '', 0, 0.00, 1, 1),
(2, '9445392', 'HDMI HATCH BLACK', 40, 'c', '', '', '', 0, 0.00, 1, 1),
(3, '5650837', 'COMBO ANTENNA', 40, 'c', '', '', '', 0, 0.00, 1, 1),
(4, '6300314', 'SCREW REMFORM 1.2X3.2 TORX+ T5 BLACK', 1, 'c', '', '', '', 0, 0.00, 1, 1),
(5, '9445392', 'HDMI HATCH BLACK', 1, 'c', '', '', '', 0, 0.00, 1, 1),
(6, '5650837', 'COMBO ANTENNA', 1, 'c', '', '', '', 0, 0.00, 1, 1),
(7, '4850320', 'OLED AM 360x640 COG Alexander MASTER', 1, 'c', '', '', '', 0, 0.00, 1, 1),
(8, '6300079', 'SCREW RF1.4X5.5 TORX PLUS 6P', 1, 'c', '', '', '', 0, 0.00, 1, 1),
(9, '6300341', 'SCREW RF 1.4x TORX PLUS 6IP BLACK', 1, 'c', '', '', '', 0, 0.00, 1, 1),
(10, '02640D8', 'ENGINE CHASSIS ASSY(I0015 - I0018)', 1, 'c', '', '', '', 0, 0.00, 1, 1),
(11, '54699B0', 'CONN CHR DIA 2.0mm SHORT COMPRESS', 1, 'c', '', '', '', 0, 0.00, 1, 1),
(12, '5140184', 'EARP PETRA', 1, 'c', '', '', '', 0, 0.00, 1, 1),
(13, '5140002', 'EARP 32R 8x12x2 Petra', 1, 'c', '', '', '', 0, 0.00, 1, 1),
(14, '9904259', 'Earpiece adhesive', 1, 'c', '', '', '', 0, 0.00, 1, 1),
(15, '6400913', 'WINDOW FRAME FIXING SPRINGS', 1, 'c', '', '', '', 0, 0.00, 1, 1),
(16, '9904243', 'Front Camera Boot', 1, 'c', '', '', '', 0, 0.00, 1, 1),
(17, '02695N2', 'PWB Spacer assy', 1, 'c', '', '', '', 0, 0.00, 1, 1),
(18, '9374691', 'TYPE LABEL BLANK', 1, 'c', '', '', '', 0, 0.00, 1, 1),
(19, '4858084', 'CAMERA MOD 12MP SWORDTAIL TSB - MASTER', 1, 'c', '', '', '', 0, 0.00, 1, 1),
(20, '6300088', 'SCREW M1.4X5.0 TORX PLUS 4IP', 1, 'c', '', '', '', 0, 0.00, 1, 1),
(21, '4860127', 'FLASH MODULE 3 XENON Habanero', 1, 'c', '', '', '', 0, 0.00, 1, 1),
(22, '0670603', 'BL-4D BATTERY 1200 EN', 1, 'c', '', '', '', 0, 0.00, 1, 1),
(23, '9406961', 'BATTERY PULL OUT TAPE', 1, 'c', '', '', '', 0, 0.00, 1, 1),
(24, '5149037', 'SPEAKER DYNAMIC IHF 11x15x3.5mm', 1, 'c', '', '', '', 0, 0.00, 1, 1),
(25, '9406280', 'Speaker Gasket', 1, 'c', '', '', '', 0, 0.00, 1, 1),
(26, '6300211', 'FIXING NUT', 1, 'c', '', '', '', 0, 0.00, 1, 1),
(27, '6300290', 'M1.4 COUNTERSUNK TORX PLUS 4IP', 1, 'c', '', '', '', 0, 0.00, 1, 1),
(28, '9904202', 'BATTERY LID', 1, 'c', '', '', '', 0, 0.00, 1, 1),
(29, '02695M1', 'PROXY SENSOR BOOT ASSY', 1, 'c', '', '', '', 0, 0.00, 1, 1),
(30, '9408024', 'Cover Tape T=0.15, 5x12 mm', 1, 'c', '', '', '', 0, 0.00, 1, 1),
(31, '9373184', 'France legal label MP3/FM Radio 25x6.0mm', 1, 'c', '', '', '', 0, 0.00, 1, 1),
(32, '9372873', 'WATER INGRESS LABEL 2.5X6.5', 1, 'c', '', '', '', 0, 0.00, 1, 1),
(33, '9374509', 'TAIWAN LEGAL LABEL', 1, 'c', '', '', '', 0, 0.00, 1, 1),
(34, '0257355', 'TOP ASSY BLUE', 1, 'c', '', '', '', 0, 0.00, 1, 1),
(35, '0255802', 'TOP ASSY DARK GREY', 1, 'c', '', '', '', 0, 0.00, 1, 1),
(36, '0257305', 'TOP ASSY GREEN', 1, 'c', '', '', '', 0, 0.00, 1, 1),
(37, '0255738', 'TOP ASSY ORANGE', 1, 'c', '', '', '', 0, 0.00, 1, 1),
(38, '0257356', 'TOP ASSY SILVER WHITE', 1, 'c', '', '', '', 0, 0.00, 1, 1),
(39, '0258940', 'Top assy pink', 1, 'c', '', '', '', 0, 0.00, 1, 1),
(40, '0089F03', 'CARE WINDOW DARK GREY', 1, 'c', '', '', '', 0, 0.00, 1, 1),
(41, '0089F04', 'CARE WINDOW ASSY ORANGE', 1, 'c', '', '', '', 0, 0.00, 1, 1),
(42, '0089F05', 'CARE WINDOW ASSY SILVER WHITE', 1, 'c', '', '', '', 0, 0.00, 1, 1),
(43, '0089F06', 'CARE WINDOW ASSY GREEN', 1, 'c', '', '', '', 0, 0.00, 1, 1),
(44, '0089F07', 'CARE WINDOW ASSY BLUE', 1, 'c', '', '', '', 0, 0.00, 1, 1),
(45, '0089R17', 'Care window assy black', 1, 'c', '', '', '', 0, 0.00, 1, 1),
(46, '02696R4', 'BODY ASSY BLUE', 1, 'c', '', '', '', 0, 0.00, 1, 1),
(47, '02695N7', 'BODY ASSY DARK GREY', 1, 'c', '', '', '', 0, 0.00, 1, 1),
(48, '02696P6', 'BODY ASSY GREEN', 1, 'c', '', '', '', 0, 0.00, 1, 1),
(49, '02695K9', 'BODY ASSY ORANGE', 1, 'c', '', '', '', 0, 0.00, 1, 1),
(50, '02696R5', 'BODY ASSY SILVER WHITE', 1, 'c', '', '', '', 0, 0.00, 1, 1),
(51, '02697J2', 'Body Assy Dark Grey, Orange', 1, 'c', '', '', '', 0, 0.00, 1, 1),
(52, '02697W1', 'Body Assy Dark Grey, T-Mobile', 1, 'c', '', '', '', 0, 0.00, 1, 1),
(53, '02697W9', 'Body Assy Dark Grey, TIM', 1, 'c', '', '', '', 0, 0.00, 1, 1),
(54, '02698K4', 'Body Assy Dark Grey, T-Mobile-2', 1, 'c', '', '', '', 0, 0.00, 1, 1),
(55, '02699Z3', 'Body assy pink', 1, 'c', '', '', '', 0, 0.00, 1, 1),
(56, '9904646', 'SIM HATCH BLUE', 1, 'c', '', '', '', 0, 0.00, 1, 1),
(57, '9904262', 'SIM HATCH DARK GREY', 1, 'c', '', '', '', 0, 0.00, 1, 1),
(58, '9904625', 'SIM HATCH GREEN', 1, 'c', '', '', '', 0, 0.00, 1, 1),
(59, '9904196', 'SIM HATCH ORANGE', 1, 'c', '', '', '', 0, 0.00, 1, 1),
(60, '9904647', 'SIM HATCH SILVER WHITE', 1, 'c', '', '', '', 0, 0.00, 1, 1),
(61, '9905852', 'Sim hatch pink', 1, 'c', '', '', '', 0, 0.00, 1, 1),
(62, '9904644', 'uSD HATCH BLUE', 1, 'c', '', '', '', 0, 0.00, 1, 1),
(63, '9904261', 'uSD HATCH DARK GREY', 1, 'c', '', '', '', 0, 0.00, 1, 1),
(64, '9904624', 'uSD HATCH GREEN', 1, 'c', '', '', '', 0, 0.00, 1, 1),
(65, '9904195', 'uSD HATCH ORANGE', 1, 'c', '', '', '', 0, 0.00, 1, 1),
(66, '9904645', 'uSD HATCH SILVER WHITE', 1, 'c', '', '', '', 0, 0.00, 1, 1),
(67, '9905853', 'uSD hatch pink', 1, 'c', '', '', '', 0, 0.00, 1, 1),
(68, '0257357', 'BOTTOM ASSY BLUE', 1, 'c', '', '', '', 0, 0.00, 1, 1),
(69, '0255803', 'BOTTOM ASSY DARK GREY', 1, 'c', '', '', '', 0, 0.00, 1, 1),
(70, '0257306', 'BOTTOM ASSY GREEN', 1, 'c', '', '', '', 0, 0.00, 1, 1),
(71, '0255739', 'BOTTOM ASSY ORANGE', 1, 'c', '', '', '', 0, 0.00, 1, 1),
(72, '0257358', 'BOTTOM ASSY SILVER WHITE', 1, 'c', '', '', '', 0, 0.00, 1, 1),
(73, '0258941', 'Bottom assy pink', 1, 'c', '', '', '', 0, 0.00, 1, 1),
(74, '02697S6', 'BOTTOM DECO ASSY EU-GENERAL', 1, 'c', '', '', '', 0, 0.00, 1, 1),
(75, '02697T2', 'BOTTOM DECO ASSY FRANCE', 1, 'c', '', '', '', 0, 0.00, 1, 1),
(76, '02697T3', 'BOTTOM DECO ASSY TURKEY', 1, 'c', '', '', '', 0, 0.00, 1, 1),
(77, '02697T4', 'BOTTOM DECO ASSY RUSSIA BELARUS', 1, 'c', '', '', '', 0, 0.00, 1, 1),
(78, '02697T5', 'BOTTOM DECO ASSY UKRAINE', 1, 'c', '', '', '', 0, 0.00, 1, 1),
(79, '02697T6', 'BOTTOM DECO ASSY MOLDOVA', 1, 'c', '', '', '', 0, 0.00, 1, 1),
(80, '02697T7', 'BOTTOM DECO ASSY CHINA', 1, 'c', '', '', '', 0, 0.00, 1, 1),
(81, '02697T8', 'BOTTOM DECO ASSY MADE BY NOKIA', 1, 'c', '', '', '', 0, 0.00, 1, 1),
(82, '02697T9', 'BOTTOM DECO ASSY MADE IN CHINA', 1, 'c', '', '', '', 0, 0.00, 1, 1),
(83, '02697V0', 'BOTTOM DECO ASSY THAILAND', 1, 'c', '', '', '', 0, 0.00, 1, 1),
(84, '02697V1', 'BOTTOM DECO ASSY BANGLADESH', 1, 'c', '', '', '', 0, 0.00, 1, 1),
(85, '02697V2', 'BOTTOM DECO ASSY PHILIPPINES', 1, 'c', '', '', '', 0, 0.00, 1, 1),
(86, '02697V3', 'BOTTOM DECO ASSY AUSTRALIA NEW ZEALAND', 1, 'c', '', '', '', 0, 0.00, 1, 1),
(87, '02697V4', 'BOTTOM DECO ASSY SOUTH AFRICA', 1, 'c', '', '', '', 0, 0.00, 1, 1),
(88, '02697V5', 'BOTTOM DECO ASSY NOKIA MANUF IN CHINA', 1, 'c', '', '', '', 0, 0.00, 1, 1),
(89, '02697V6', 'BOTTOM DECO ASSY NAM', 1, 'c', '', '', '', 0, 0.00, 1, 1),
(90, '02697V7', 'BOTTOM DECO ASSY LTA', 1, 'c', '', '', '', 0, 0.00, 1, 1),
(91, '02698W2', 'BOTTOM DECO ASSY LTA 2', 1, 'c', '', '', '', 0, 0.00, 1, 1),
(92, '02698T4', 'BOTTOM DECO ASSY KAZAKHSTAN', 1, 'c', '', '', '', 0, 0.00, 1, 1),
(93, '02697V8', 'BOTTOM DECO ASSY BRAZIL', 1, 'c', '', '', '', 0, 0.00, 1, 1),
(94, '4530107', 'CRYSTAL 19.2MHz +-20ppm 13pF', 1, 's', '', '', '', 0, 0.00, 1, 5),
(95, '5140024', 'MIC COND SMD OMNI KNOPFLER', 1, 's', '', '', '', 0, 0.00, 1, 5),
(96, '4530069', 'CRYSTAL 32.768KHZ +/-20PPM 12.5PF', 1, 's', '', '', '', 0, 0.00, 1, 5),
(97, '2322055', 'CHIPCAP NP0 8P2 C 25V  0201', 1, 's', '', '', '', 0, 0.00, 1, 5),
(98, '2322029', 'CHIPCAP NP0 68P J 16V        0201', 1, 's', '', '', '', 0, 0.00, 1, 5),
(99, '4341524', 'BUFFER SINGLE LVC1G34 BGA4', 1, 's', '', '', '', 0, 0.00, 1, 5),
(100, '4349855', 'SINGLE INVERTER WLCSP4', 1, 's', '', '', '', 0, 0.00, 1, 5),
(101, '43470V4', 'EMMC Common 16GB 1.8/3.0V  FBGA169 HFree', 1, 's', '', '', '', 0, 0.00, 1, 5),
(102, '4342553', 'USB Transceiver ISP1707 V3 BGA36', 1, 's', '', '', '', 0, 0.00, 1, 5),
(103, '5119045', 'SM FUSE FF 2A 32V 0402', 1, 's', '', '', '', 0, 0.00, 1, 5),
(104, '4700003', 'RTC BACKUP CAPACITOR 3225 SIZE 2.6V 3uAh', 1, 's', '', '', '', 0, 0.00, 1, 5),
(105, '4858048', 'CAMERA MODULE ACME-MINI 640x480', 1, 's', '', '', '', 0, 0.00, 1, 5),
(106, '6800008', 'VIBRA MOTOR SMD Shaft', 1, 's', '', '', '', 0, 0.00, 1, 5),
(107, '4605987', 'ACCELEROMETER 3-AXIS 2.5V LGA14', 1, 's', '', '', '', 0, 0.00, 1, 5),
(108, '4600008', 'REFLECTIVE OPTICAL SWITCH 2.3-3.6v LGA6', 1, 's', '', '', '', 0, 0.00, 1, 5),
(109, '4600005', '3-AXIS MAGNETIC SENSOR 2.4-3.6V LGA16', 1, 's', '', '', '', 0, 0.00, 1, 5),
(110, '4348515', 'LED FLASH DRIVER 700mA 2.7-5.5V CSP12', 1, 's', '', '', '', 0, 0.00, 1, 5),
(111, '4342009', 'DC/DC CONV 6MHz 1.82V 600mA WLCSP6', 1, 's', '', '', '', 0, 0.00, 1, 5),
(112, '4341871', 'LI VREG 2.8V / 150mA WLCSP4', 1, 's', '', '', '', 0, 0.00, 1, 5),
(113, '4342085', 'DC/DC CONV 5V 200mA WLCSP6', 1, 's', '', '', '', 0, 0.00, 1, 5),
(114, '4129025', 'ASIP 8-CH ESD ULTRA LOW CAP 1.5PF BGA9', 1, 's', '', '', '', 0, 0.00, 1, 5),
(115, '4129026', 'ASIP HDMI ESD protection WLCSP8', 1, 's', '', '', '', 0, 0.00, 1, 5),
(116, '4342139', 'AFAMP 2.3V CLASS-G WLCSP16', 1, 's', '', '', '', 0, 0.00, 1, 5),
(117, '4341354', 'SINGLE ANALOG SWITCH SPDT CSP6', 1, 's', '', '', '', 0, 0.00, 1, 5),
(118, '4129320', 'ASIP MIC DIFF INTERFACE 400um BGA8', 1, 's', '', '', '', 0, 0.00, 1, 5),
(119, '4342409', 'AFAMP 2W 5V5 Vallu WCSP16', 1, 's', '', '', '', 0, 0.00, 1, 5),
(120, '4376057', 'GAZOO V3.5 A035 LF NFBGA209 7x7', 1, 's', '', '', '', 0, 0.00, 1, 5),
(121, '4342534', 'CONTR IC STM6520AQRRDG9F TQFN-8L', 1, 's', '', '', '', 0, 0.00, 1, 5),
(122, '4342629', 'LED DRIVER 3-Ch Programm WLCSP20', 1, 's', '', '', '', 0, 0.00, 1, 5),
(123, '4341935', 'INT IC quad level shifter 3.6/5.5V CSP12', 1, 's', '', '', '', 0, 0.00, 1, 5),
(124, '4342331', 'AUDIO CLOCK V2 38.4MHz WLCSP8', 1, 's', '', '', '', 0, 0.00, 1, 5),
(125, '4342593', 'DC/DC CONV 2.90V 400mA WLCSP6', 1, 's', '', '', '', 0, 0.00, 1, 5),
(126, '4342588', 'SUPPLY LOAD SWITCH WLCSP4', 1, 's', '', '', '', 0, 0.00, 1, 5),
(127, '4342745', 'DC/DC CONV BQ24153YFFR WLCSP20', 1, 's', '', '', '', 0, 0.00, 1, 5),
(128, '4342747', 'DC/DC CONV BQ24156YFFR WLCSP20', 1, 's', '', '', '', 0, 0.00, 1, 5),
(129, '4390092', 'BOB1.0M-b WLAN-BT-FM LGA108 (Master)', 1, 's', '', '', '', 0, 0.00, 1, 5),
(130, '5200064', 'SWITCH TACT SIDE PUSH NOAL 4LEG', 1, 's', '', '', '', 0, 0.00, 1, 5),
(131, '5200088', 'SLIDE SWITCH 2-POS SPDT 6V DC', 1, 's', '', '', '', 0, 0.00, 1, 5),
(132, '5200097', 'SWITCH SIDE PUSH DOUBLE TACT H1.2 12V 50', 1, 's', '', '', '', 0, 0.00, 1, 5),
(133, '5200153', 'SWITCH PB 15VDC 0.02A 1.0N', 1, 's', '', '', '', 0, 0.00, 1, 5),
(134, '4860087', 'DIG AMBI LIGHT SENS PUPUMON LGA4 MASTER', 1, 's', '', '', '', 0, 0.00, 1, 5),
(135, '4129014', 'ASIP DI SCH 30V 0A3 VF 0V48@0A1 WLCSP2', 1, 's', '', '', '', 0, 0.00, 1, 5),
(136, '4129015', 'ASIP TVS VBR10V@1MA VCL13V@1A 400UM BGA4', 1, 's', '', '', '', 0, 0.00, 1, 5),
(137, '4129279', 'ASIP USB OTG LOW CAP ESD  400UM BGA4', 1, 's', '', '', '', 0, 0.00, 1, 5),
(138, '4129313', 'DI TVS VBR 16V5 CD10PF BGA2', 1, 's', '', '', '', 0, 0.00, 1, 5),
(139, '4860053', 'LED SIDE WHITE 5MA min80mcd 0402', 1, 's', '', '', '', 0, 0.00, 1, 5),
(140, '4860146', 'LED WHITE 110mcd 2mA TOP 0402', 1, 's', '', '', '', 0, 0.00, 1, 5),
(141, '4110064', 'DI ZEN 6V2 2% 0W100 CSP1006', 1, 's', '', '', '', 0, 0.00, 1, 5),
(142, '4111107', 'SCH DI 30V IF 0A2 IFSM 3A IR 10UA SOD882', 1, 's', '', '', '', 0, 0.00, 1, 5),
(143, '4210153', 'MFET P 30V 12R@4V VGSS20V VMT3', 1, 's', '', '', '', 0, 0.00, 1, 5),
(144, '5400426', 'SOCKET 125x125 Through Board F=3.3', 1, 's', '', '', '', 0, 0.00, 1, 5),
(145, '5469974', 'CONN BtB 1PIECE 1ROW 8PIN P2.0 H0.7', 1, 's', '', '', '', 0, 0.00, 1, 5),
(146, '5469572', 'CONN AV/VID 19POL 40V0.5A P0.4', 1, 's', '', '', '', 0, 0.00, 1, 5),
(147, '5469657', 'CONN BATT 3.5V 2A P3.7 H2.7mm', 1, 's', '', '', '', 0, 0.00, 1, 5),
(148, '5469212', 'SM CONN B2B 2X5 F P0.4', 1, 's', '', '', '', 0, 0.00, 1, 5),
(149, '5469586', 'CONN SIM SM 6POL P2.54, pushpush hotswap', 1, 's', '', '', '', 0, 0.00, 1, 5),
(150, '54699M8', 'CONN SMC MICRO-SD 8POL P1.1 H1.3', 1, 's', '', '', '', 0, 0.00, 1, 5),
(151, '5400056', 'CONN USB 5POL MICRO-USB AB TYPE P0.65', 1, 's', '', '', '', 0, 0.00, 1, 5),
(152, '5400288', 'SPRING CLIP(1.70-2.40mm/0.2-1.0N)', 1, 's', '', '', '', 0, 0.00, 1, 5),
(153, '5420044', 'CONN SMD COAX SWG', 1, 's', '', '', '', 0, 0.00, 1, 5),
(154, '5400286', 'SPRING CLIP(0.80-1.40mm/0.2-1.0N)', 1, 's', '', '', '', 0, 0.00, 1, 5),
(155, '5400292', 'SPRING CLIP(2.30-3.00mm/0.2-1.0N)', 1, 's', '', '', '', 0, 0.00, 1, 5),
(156, '5469962', 'Pogo Pin 1-CONT (4.90-5.50mm)', 1, 's', '', '', '', 0, 0.00, 1, 5),
(157, '3200022', 'COMMON MODE FILTER 5V 0A1 90R 1Rdc 0405', 1, 's', '', '', '', 0, 0.00, 1, 5),
(158, '4129307', 'ASIP AVIF DUAL CHANNEL BGA5', 1, 's', '', '', '', 0, 0.00, 1, 5),
(159, '4370278', 'WLAN front-end band pass filter', 1, 's', '', '', '', 0, 0.00, 1, 5),
(160, '4540006', 'DIPL 1575.5/2450 MHz 1.6X0.8X0.6', 1, 's', '', '', '', 0, 0.00, 1, 5),
(161, '6300314', 'SCREW REMFORM 1.2X3.2 TORX+ T5 BLACK', 8, 'c', '', '', '', 0, 0.00, 1, 1),
(162, '9445392', 'HDMI HATCH BLACK', 8, 'c', '', '', '', 0, 0.00, 1, 1),
(163, '5650837', 'COMBO ANTENNA', 8, 'c', '', '', '', 0, 0.00, 1, 1),
(164, '4850320', 'OLED AM 360x640 COG Alexander MASTER', 8, 'c', '', '', '', 0, 0.00, 1, 1),
(165, '6300079', 'SCREW RF1.4X5.5 TORX PLUS 6P', 8, 'c', '', '', '', 0, 0.00, 1, 1),
(166, '6300341', 'SCREW RF 1.4x TORX PLUS 6IP BLACK', 8, 'c', '', '', '', 0, 0.00, 1, 1),
(167, '02640D8', 'ENGINE CHASSIS ASSY(I0015 - I0018)', 8, 'c', '', '', '', 0, 0.00, 1, 1),
(168, '54699B0', 'CONN CHR DIA 2.0mm SHORT COMPRESS', 8, 'c', '', '', '', 0, 0.00, 1, 1),
(169, '5140184', 'EARP PETRA', 8, 'c', '', '', '', 0, 0.00, 1, 1),
(170, '5140002', 'EARP 32R 8x12x2 Petra', 8, 'c', '', '', '', 0, 0.00, 1, 1),
(171, '9904259', 'Earpiece adhesive', 8, 'c', '', '', '', 0, 0.00, 1, 1),
(172, '6400913', 'WINDOW FRAME FIXING SPRINGS', 8, 'c', '', '', '', 0, 0.00, 1, 1),
(173, '9904243', 'Front Camera Boot', 8, 'c', '', '', '', 0, 0.00, 1, 1),
(174, '02695N2', 'PWB Spacer assy', 8, 'c', '', '', '', 0, 0.00, 1, 1),
(175, '9374691', 'TYPE LABEL BLANK', 8, 'c', '', '', '', 0, 0.00, 1, 1),
(176, '4858084', 'CAMERA MOD 12MP SWORDTAIL TSB - MASTER', 8, 'c', '', '', '', 0, 0.00, 1, 1),
(177, '6300088', 'SCREW M1.4X5.0 TORX PLUS 4IP', 8, 'c', '', '', '', 0, 0.00, 1, 1),
(178, '4860127', 'FLASH MODULE 3 XENON Habanero', 8, 'c', '', '', '', 0, 0.00, 1, 1),
(179, '0670603', 'BL-4D BATTERY 1200 EN', 8, 'c', '', '', '', 0, 0.00, 1, 1),
(180, '9406961', 'BATTERY PULL OUT TAPE', 8, 'c', '', '', '', 0, 0.00, 1, 1),
(181, '5149037', 'SPEAKER DYNAMIC IHF 11x15x3.5mm', 8, 'c', '', '', '', 0, 0.00, 1, 1),
(182, '9406280', 'Speaker Gasket', 8, 'c', '', '', '', 0, 0.00, 1, 1),
(183, '6300211', 'FIXING NUT', 8, 'c', '', '', '', 0, 0.00, 1, 1),
(184, '6300290', 'M1.4 COUNTERSUNK TORX PLUS 4IP', 8, 'c', '', '', '', 0, 0.00, 1, 1),
(185, '9904202', 'BATTERY LID', 8, 'c', '', '', '', 0, 0.00, 1, 1),
(186, '02695M1', 'PROXY SENSOR BOOT ASSY', 8, 'c', '', '', '', 0, 0.00, 1, 1),
(187, '9408024', 'Cover Tape T=0.15, 5x12 mm', 8, 'c', '', '', '', 0, 0.00, 1, 1),
(188, '9373184', 'France legal label MP3/FM Radio 25x6.0mm', 8, 'c', '', '', '', 0, 0.00, 1, 1),
(189, '9372873', 'WATER INGRESS LABEL 2.5X6.5', 8, 'c', '', '', '', 0, 0.00, 1, 1),
(190, '9374509', 'TAIWAN LEGAL LABEL', 8, 'c', '', '', '', 0, 0.00, 1, 1),
(191, '0257355', 'TOP ASSY BLUE', 8, 'c', '', '', '', 0, 0.00, 1, 1),
(192, '0255802', 'TOP ASSY DARK GREY', 8, 'c', '', '', '', 0, 0.00, 1, 1),
(193, '0257305', 'TOP ASSY GREEN', 8, 'c', '', '', '', 0, 0.00, 1, 1),
(194, '0255738', 'TOP ASSY ORANGE', 8, 'c', '', '', '', 0, 0.00, 1, 1),
(195, '0257356', 'TOP ASSY SILVER WHITE', 8, 'c', '', '', '', 0, 0.00, 1, 1),
(196, '0258940', 'Top assy pink', 8, 'c', '', '', '', 0, 0.00, 1, 1),
(197, '0089F03', 'CARE WINDOW DARK GREY', 8, 'c', '', '', '', 0, 0.00, 1, 1),
(198, '0089F04', 'CARE WINDOW ASSY ORANGE', 8, 'c', '', '', '', 0, 0.00, 1, 1),
(199, '0089F05', 'CARE WINDOW ASSY SILVER WHITE', 8, 'c', '', '', '', 0, 0.00, 1, 1),
(200, '0089F06', 'CARE WINDOW ASSY GREEN', 8, 'c', '', '', '', 0, 0.00, 1, 1),
(201, '0089F07', 'CARE WINDOW ASSY BLUE', 8, 'c', '', '', '', 0, 0.00, 1, 1),
(202, '0089R17', 'Care window assy black', 8, 'c', '', '', '', 0, 0.00, 1, 1),
(203, '02696R4', 'BODY ASSY BLUE', 8, 'c', '', '', '', 0, 0.00, 1, 1),
(204, '02695N7', 'BODY ASSY DARK GREY', 8, 'c', '', '', '', 0, 0.00, 1, 1),
(205, '02696P6', 'BODY ASSY GREEN', 8, 'c', '', '', '', 0, 0.00, 1, 1),
(206, '02695K9', 'BODY ASSY ORANGE', 8, 'c', '', '', '', 0, 0.00, 1, 1),
(207, '02696R5', 'BODY ASSY SILVER WHITE', 8, 'c', '', '', '', 0, 0.00, 1, 1),
(208, '02697J2', 'Body Assy Dark Grey, Orange', 8, 'c', '', '', '', 0, 0.00, 1, 1),
(209, '02697W1', 'Body Assy Dark Grey, T-Mobile', 8, 'c', '', '', '', 0, 0.00, 1, 1),
(210, '02697W9', 'Body Assy Dark Grey, TIM', 8, 'c', '', '', '', 0, 0.00, 1, 1),
(211, '02698K4', 'Body Assy Dark Grey, T-Mobile-2', 8, 'c', '', '', '', 0, 0.00, 1, 1),
(212, '02699Z3', 'Body assy pink', 8, 'c', '', '', '', 0, 0.00, 1, 1),
(213, '9904646', 'SIM HATCH BLUE', 8, 'c', '', '', '', 0, 0.00, 1, 1),
(214, '9904262', 'SIM HATCH DARK GREY', 8, 'c', '', '', '', 0, 0.00, 1, 1),
(215, '9904625', 'SIM HATCH GREEN', 8, 'c', '', '', '', 0, 0.00, 1, 1),
(216, '9904196', 'SIM HATCH ORANGE', 8, 'c', '', '', '', 0, 0.00, 1, 1),
(217, '9904647', 'SIM HATCH SILVER WHITE', 8, 'c', '', '', '', 0, 0.00, 1, 1),
(218, '9905852', 'Sim hatch pink', 8, 'c', '', '', '', 0, 0.00, 1, 1),
(219, '9904644', 'uSD HATCH BLUE', 8, 'c', '', '', '', 0, 0.00, 1, 1),
(220, '9904261', 'uSD HATCH DARK GREY', 8, 'c', '', '', '', 0, 0.00, 1, 1),
(221, '9904624', 'uSD HATCH GREEN', 8, 'c', '', '', '', 0, 0.00, 1, 1),
(222, '9904195', 'uSD HATCH ORANGE', 8, 'c', '', '', '', 0, 0.00, 1, 1),
(223, '9904645', 'uSD HATCH SILVER WHITE', 8, 'c', '', '', '', 0, 0.00, 1, 1),
(224, '9905853', 'uSD hatch pink', 8, 'c', '', '', '', 0, 0.00, 1, 1),
(225, '0257357', 'BOTTOM ASSY BLUE', 8, 'c', '', '', '', 0, 0.00, 1, 1),
(226, '0255803', 'BOTTOM ASSY DARK GREY', 8, 'c', '', '', '', 0, 0.00, 1, 1),
(227, '0257306', 'BOTTOM ASSY GREEN', 8, 'c', '', '', '', 0, 0.00, 1, 1),
(228, '0255739', 'BOTTOM ASSY ORANGE', 8, 'c', '', '', '', 0, 0.00, 1, 1),
(229, '0257358', 'BOTTOM ASSY SILVER WHITE', 8, 'c', '', '', '', 0, 0.00, 1, 1),
(230, '0258941', 'Bottom assy pink', 8, 'c', '', '', '', 0, 0.00, 1, 1),
(231, '02697S6', 'BOTTOM DECO ASSY EU-GENERAL', 8, 'c', '', '', '', 0, 0.00, 1, 1),
(232, '02697T2', 'BOTTOM DECO ASSY FRANCE', 8, 'c', '', '', '', 0, 0.00, 1, 1),
(233, '02697T3', 'BOTTOM DECO ASSY TURKEY', 8, 'c', '', '', '', 0, 0.00, 1, 1),
(234, '02697T4', 'BOTTOM DECO ASSY RUSSIA BELARUS', 8, 'c', '', '', '', 0, 0.00, 1, 1),
(235, '02697T5', 'BOTTOM DECO ASSY UKRAINE', 8, 'c', '', '', '', 0, 0.00, 1, 1),
(236, '02697T6', 'BOTTOM DECO ASSY MOLDOVA', 8, 'c', '', '', '', 0, 0.00, 1, 1),
(237, '02697T7', 'BOTTOM DECO ASSY CHINA', 8, 'c', '', '', '', 0, 0.00, 1, 1),
(238, '02697T8', 'BOTTOM DECO ASSY MADE BY NOKIA', 8, 'c', '', '', '', 0, 0.00, 1, 1),
(239, '02697T9', 'BOTTOM DECO ASSY MADE IN CHINA', 8, 'c', '', '', '', 0, 0.00, 1, 1),
(240, '02697V0', 'BOTTOM DECO ASSY THAILAND', 8, 'c', '', '', '', 0, 0.00, 1, 1),
(241, '02697V1', 'BOTTOM DECO ASSY BANGLADESH', 8, 'c', '', '', '', 0, 0.00, 1, 1),
(242, '02697V2', 'BOTTOM DECO ASSY PHILIPPINES', 8, 'c', '', '', '', 0, 0.00, 1, 1),
(243, '02697V3', 'BOTTOM DECO ASSY AUSTRALIA NEW ZEALAND', 8, 'c', '', '', '', 0, 0.00, 1, 1),
(244, '02697V4', 'BOTTOM DECO ASSY SOUTH AFRICA', 8, 'c', '', '', '', 0, 0.00, 1, 1),
(245, '02697V5', 'BOTTOM DECO ASSY NOKIA MANUF IN CHINA', 8, 'c', '', '', '', 0, 0.00, 1, 1),
(246, '02697V6', 'BOTTOM DECO ASSY NAM', 8, 'c', '', '', '', 0, 0.00, 1, 1),
(247, '02697V7', 'BOTTOM DECO ASSY LTA', 8, 'c', '', '', '', 0, 0.00, 1, 1),
(248, '02698W2', 'BOTTOM DECO ASSY LTA 2', 8, 'c', '', '', '', 0, 0.00, 1, 1),
(249, '02698T4', 'BOTTOM DECO ASSY KAZAKHSTAN', 8, 'c', '', '', '', 0, 0.00, 1, 1),
(250, '02697V8', 'BOTTOM DECO ASSY BRAZIL', 8, 'c', '', '', '', 0, 0.00, 1, 1),
(251, '4530107', 'CRYSTAL 19.2MHz +-20ppm 13pF', 8, 's', '', '', '', 0, 0.00, 1, 5),
(252, '5140024', 'MIC COND SMD OMNI KNOPFLER', 8, 's', '', '', '', 0, 0.00, 1, 5),
(253, '4530069', 'CRYSTAL 32.768KHZ +/-20PPM 12.5PF', 8, 's', '', '', '', 0, 0.00, 1, 5),
(254, '2322055', 'CHIPCAP NP0 8P2 C 25V  0201', 8, 's', '', '', '', 0, 0.00, 1, 5),
(255, '2322029', 'CHIPCAP NP0 68P J 16V        0201', 8, 's', '', '', '', 0, 0.00, 1, 5),
(256, '4341524', 'BUFFER SINGLE LVC1G34 BGA4', 8, 's', '', '', '', 0, 0.00, 1, 5),
(257, '4349855', 'SINGLE INVERTER WLCSP4', 8, 's', '', '', '', 0, 0.00, 1, 5),
(258, '43470V4', 'EMMC Common 16GB 1.8/3.0V  FBGA169 HFree', 8, 's', '', '', '', 0, 0.00, 1, 5),
(259, '4342553', 'USB Transceiver ISP1707 V3 BGA36', 8, 's', '', '', '', 0, 0.00, 1, 5),
(260, '5119045', 'SM FUSE FF 2A 32V 0402', 8, 's', '', '', '', 0, 0.00, 1, 5),
(261, '4700003', 'RTC BACKUP CAPACITOR 3225 SIZE 2.6V 3uAh', 8, 's', '', '', '', 0, 0.00, 1, 5),
(262, '4858048', 'CAMERA MODULE ACME-MINI 640x480', 8, 's', '', '', '', 0, 0.00, 1, 5),
(263, '6800008', 'VIBRA MOTOR SMD Shaft', 8, 's', '', '', '', 0, 0.00, 1, 5),
(264, '4605987', 'ACCELEROMETER 3-AXIS 2.5V LGA14', 8, 's', '', '', '', 0, 0.00, 1, 5),
(265, '4600008', 'REFLECTIVE OPTICAL SWITCH 2.3-3.6v LGA6', 8, 's', '', '', '', 0, 0.00, 1, 5),
(266, '4600005', '3-AXIS MAGNETIC SENSOR 2.4-3.6V LGA16', 8, 's', '', '', '', 0, 0.00, 1, 5),
(267, '4348515', 'LED FLASH DRIVER 700mA 2.7-5.5V CSP12', 8, 's', '', '', '', 0, 0.00, 1, 5),
(268, '4342009', 'DC/DC CONV 6MHz 1.82V 600mA WLCSP6', 8, 's', '', '', '', 0, 0.00, 1, 5),
(269, '4341871', 'LI VREG 2.8V / 150mA WLCSP4', 8, 's', '', '', '', 0, 0.00, 1, 5),
(270, '4342085', 'DC/DC CONV 5V 200mA WLCSP6', 8, 's', '', '', '', 0, 0.00, 1, 5),
(271, '4129025', 'ASIP 8-CH ESD ULTRA LOW CAP 1.5PF BGA9', 8, 's', '', '', '', 0, 0.00, 1, 5),
(272, '4129026', 'ASIP HDMI ESD protection WLCSP8', 8, 's', '', '', '', 0, 0.00, 1, 5),
(273, '4342139', 'AFAMP 2.3V CLASS-G WLCSP16', 8, 's', '', '', '', 0, 0.00, 1, 5),
(274, '4341354', 'SINGLE ANALOG SWITCH SPDT CSP6', 8, 's', '', '', '', 0, 0.00, 1, 5),
(275, '4129320', 'ASIP MIC DIFF INTERFACE 400um BGA8', 8, 's', '', '', '', 0, 0.00, 1, 5),
(276, '4342409', 'AFAMP 2W 5V5 Vallu WCSP16', 8, 's', '', '', '', 0, 0.00, 1, 5),
(277, '4376057', 'GAZOO V3.5 A035 LF NFBGA209 7x7', 8, 's', '', '', '', 0, 0.00, 1, 5),
(278, '4342534', 'CONTR IC STM6520AQRRDG9F TQFN-8L', 8, 's', '', '', '', 0, 0.00, 1, 5),
(279, '4342629', 'LED DRIVER 3-Ch Programm WLCSP20', 8, 's', '', '', '', 0, 0.00, 1, 5),
(280, '4341935', 'INT IC quad level shifter 3.6/5.5V CSP12', 8, 's', '', '', '', 0, 0.00, 1, 5),
(281, '4342331', 'AUDIO CLOCK V2 38.4MHz WLCSP8', 8, 's', '', '', '', 0, 0.00, 1, 5),
(282, '4342593', 'DC/DC CONV 2.90V 400mA WLCSP6', 8, 's', '', '', '', 0, 0.00, 1, 5),
(283, '4342588', 'SUPPLY LOAD SWITCH WLCSP4', 8, 's', '', '', '', 0, 0.00, 1, 5),
(284, '4342745', 'DC/DC CONV BQ24153YFFR WLCSP20', 8, 's', '', '', '', 0, 0.00, 1, 5),
(285, '4342747', 'DC/DC CONV BQ24156YFFR WLCSP20', 8, 's', '', '', '', 0, 0.00, 1, 5),
(286, '4390092', 'BOB1.0M-b WLAN-BT-FM LGA108 (Master)', 8, 's', '', '', '', 0, 0.00, 1, 5),
(287, '5200064', 'SWITCH TACT SIDE PUSH NOAL 4LEG', 8, 's', '', '', '', 0, 0.00, 1, 5),
(288, '5200088', 'SLIDE SWITCH 2-POS SPDT 6V DC', 8, 's', '', '', '', 0, 0.00, 1, 5),
(289, '5200097', 'SWITCH SIDE PUSH DOUBLE TACT H1.2 12V 50', 8, 's', '', '', '', 0, 0.00, 1, 5),
(290, '5200153', 'SWITCH PB 15VDC 0.02A 1.0N', 8, 's', '', '', '', 0, 0.00, 1, 5),
(291, '4860087', 'DIG AMBI LIGHT SENS PUPUMON LGA4 MASTER', 8, 's', '', '', '', 0, 0.00, 1, 5),
(292, '4129014', 'ASIP DI SCH 30V 0A3 VF 0V48@0A1 WLCSP2', 8, 's', '', '', '', 0, 0.00, 1, 5),
(293, '4129015', 'ASIP TVS VBR10V@1MA VCL13V@1A 400UM BGA4', 8, 's', '', '', '', 0, 0.00, 1, 5),
(294, '4129279', 'ASIP USB OTG LOW CAP ESD  400UM BGA4', 8, 's', '', '', '', 0, 0.00, 1, 5),
(295, '4129313', 'DI TVS VBR 16V5 CD10PF BGA2', 8, 's', '', '', '', 0, 0.00, 1, 5),
(296, '4860053', 'LED SIDE WHITE 5MA min80mcd 0402', 8, 's', '', '', '', 0, 0.00, 1, 5),
(297, '4860146', 'LED WHITE 110mcd 2mA TOP 0402', 8, 's', '', '', '', 0, 0.00, 1, 5),
(298, '4110064', 'DI ZEN 6V2 2% 0W100 CSP1006', 8, 's', '', '', '', 0, 0.00, 1, 5),
(299, '4111107', 'SCH DI 30V IF 0A2 IFSM 3A IR 10UA SOD882', 8, 's', '', '', '', 0, 0.00, 1, 5),
(300, '4210153', 'MFET P 30V 12R@4V VGSS20V VMT3', 8, 's', '', '', '', 0, 0.00, 1, 5),
(301, '5400426', 'SOCKET 125x125 Through Board F=3.3', 8, 's', '', '', '', 0, 0.00, 1, 5),
(302, '5469974', 'CONN BtB 1PIECE 1ROW 8PIN P2.0 H0.7', 8, 's', '', '', '', 0, 0.00, 1, 5),
(303, '5469572', 'CONN AV/VID 19POL 40V0.5A P0.4', 8, 's', '', '', '', 0, 0.00, 1, 5),
(304, '5469657', 'CONN BATT 3.5V 2A P3.7 H2.7mm', 8, 's', '', '', '', 0, 0.00, 1, 5),
(305, '5469212', 'SM CONN B2B 2X5 F P0.4', 8, 's', '', '', '', 0, 0.00, 1, 5),
(306, '5469586', 'CONN SIM SM 6POL P2.54, pushpush hotswap', 8, 's', '', '', '', 0, 0.00, 1, 5),
(307, '54699M8', 'CONN SMC MICRO-SD 8POL P1.1 H1.3', 8, 's', '', '', '', 0, 0.00, 1, 5),
(308, '5400056', 'CONN USB 5POL MICRO-USB AB TYPE P0.65', 8, 's', '', '', '', 0, 0.00, 1, 5),
(309, '5400288', 'SPRING CLIP(1.70-2.40mm/0.2-1.0N)', 8, 's', '', '', '', 0, 0.00, 1, 5),
(310, '5420044', 'CONN SMD COAX SWG', 8, 's', '', '', '', 0, 0.00, 1, 5),
(311, '5400286', 'SPRING CLIP(0.80-1.40mm/0.2-1.0N)', 8, 's', '', '', '', 0, 0.00, 1, 5),
(312, '5400292', 'SPRING CLIP(2.30-3.00mm/0.2-1.0N)', 8, 's', '', '', '', 0, 0.00, 1, 5),
(313, '5469962', 'Pogo Pin 1-CONT (4.90-5.50mm)', 8, 's', '', '', '', 0, 0.00, 1, 5),
(314, '3200022', 'COMMON MODE FILTER 5V 0A1 90R 1Rdc 0405', 8, 's', '', '', '', 0, 0.00, 1, 5),
(315, '4129307', 'ASIP AVIF DUAL CHANNEL BGA5', 8, 's', '', '', '', 0, 0.00, 1, 5),
(316, '4370278', 'WLAN front-end band pass filter', 8, 's', '', '', '', 0, 0.00, 1, 5),
(317, '4540006', 'DIPL 1575.5/2450 MHz 1.6X0.8X0.6', 8, 's', '', '', '', 0, 0.00, 1, 5);

--
-- Dumping data for table `phones`
--

INSERT INTO `phones` (`id`, `vendor_id`, `show`, `model`, `rev_num`, `rev_desc`, `rev_date`) VALUES
(1, 1, 1, 'n70', '', '', '0000-00-00 00:00:00'),
(2, 8, 1, 'galaxy', '2341', 'описание', '2011-11-17 22:53:30'),
(3, 1, 1, 'e95', '3', 'это ревизия для нокиа', '2011-11-17 22:50:42'),
(6, 40, 1, 'e500', '2', 'ololo', '2011-11-06 18:47:50');

--
-- Dumping data for table `phones_parts`
--

INSERT INTO `phones_parts` (`id`, `phone_id`, `part_id`, `cct_ref`, `num`, `comment`) VALUES
(1, 6, 1, 'I0001', 1, 'part1'),
(2, 6, 2, 'I0005', 1, 'part2'),
(3, 6, 3, 'I0007', 1, 'part3'),
(4, 6, 2, '*I0005*', 1, 'part2'),
(5, 3, 4, 'I0001', 1, ''),
(6, 3, 5, 'I0005', 1, ''),
(7, 3, 6, 'I0007', 1, ''),
(8, 3, 7, 'I0012', 1, ''),
(9, 3, 8, 'I0013', 2, ''),
(10, 3, 9, 'I0014', 1, ''),
(11, 3, 10, 'A3', 1, ''),
(12, 3, 11, 'I0015', 1, ''),
(13, 3, 12, 'I0016', 1, '2nd source'),
(14, 3, 13, 'I0016', 1, ''),
(15, 3, 14, 'I0017', 1, ''),
(16, 3, 15, 'I0019', 2, ''),
(17, 3, 16, 'I0020', 1, ''),
(18, 3, 17, 'I0022', 1, ''),
(19, 3, 18, 'I0023', 1, ''),
(20, 3, 19, 'I0024', 1, ''),
(21, 3, 20, 'I0025', 4, ''),
(22, 3, 21, 'I0026', 1, ''),
(23, 3, 22, 'I0027', 1, ''),
(24, 3, 23, 'I0028', 1, ''),
(25, 3, 24, 'I0035', 1, ''),
(26, 3, 25, 'I0036', 1, ''),
(27, 3, 26, 'I0038', 2, ''),
(28, 3, 27, 'I0039', 2, ''),
(29, 3, 28, 'I0041', 1, ''),
(30, 3, 29, 'I0046', 1, ''),
(31, 3, 30, 'I0047', 1, 'For more detailed instructions please see SR1587. Note: 1 pc = 1 sheet (75 pcs on a sheet)'),
(32, 3, 31, '', 1, ''),
(33, 3, 32, '', 1, ''),
(34, 3, 33, '', 1, ''),
(35, 3, 34, 'A1', 1, ''),
(36, 3, 35, 'A1', 1, ''),
(37, 3, 36, 'A1', 1, ''),
(38, 3, 37, 'A1', 1, ''),
(39, 3, 38, 'A1', 1, ''),
(40, 3, 39, 'A1', 1, ''),
(41, 3, 40, 'A2', 1, ''),
(42, 3, 41, 'A2', 1, ''),
(43, 3, 42, 'A2', 1, ''),
(44, 3, 43, 'A2', 1, ''),
(45, 3, 44, 'A2', 1, ''),
(46, 3, 45, 'A2', 1, ''),
(47, 3, 46, 'A5', 1, ''),
(48, 3, 47, 'A5', 1, ''),
(49, 3, 48, 'A5', 1, ''),
(50, 3, 49, 'A5', 1, ''),
(51, 3, 50, 'A5', 1, ''),
(52, 3, 51, 'A5', 1, ''),
(53, 3, 52, 'A5', 1, ''),
(54, 3, 53, 'A5', 1, ''),
(55, 3, 54, 'A5', 1, ''),
(56, 3, 55, 'A5', 1, ''),
(57, 3, 56, 'I0033', 1, ''),
(58, 3, 57, 'I0033', 1, ''),
(59, 3, 58, 'I0033', 1, ''),
(60, 3, 59, 'I0033', 1, ''),
(61, 3, 60, 'I0033', 1, ''),
(62, 3, 61, 'I0033', 1, ''),
(63, 3, 62, 'I0034', 1, ''),
(64, 3, 63, 'I0034', 1, ''),
(65, 3, 64, 'I0034', 1, ''),
(66, 3, 65, 'I0034', 1, ''),
(67, 3, 66, 'I0034', 1, ''),
(68, 3, 67, 'I0034', 1, ''),
(69, 3, 68, 'A6', 1, ''),
(70, 3, 69, 'A6', 1, ''),
(71, 3, 70, 'A6', 1, ''),
(72, 3, 71, 'A6', 1, ''),
(73, 3, 72, 'A6', 1, ''),
(74, 3, 73, 'A6', 1, ''),
(75, 3, 74, 'I0045', 1, ''),
(76, 3, 75, 'I0045', 1, ''),
(77, 3, 76, 'I0045', 1, ''),
(78, 3, 77, 'I0045', 1, ''),
(79, 3, 78, 'I0045', 1, ''),
(80, 3, 79, 'I0045', 1, ''),
(81, 3, 80, 'I0045', 1, ''),
(82, 3, 81, 'I0045', 1, ''),
(83, 3, 82, 'I0045', 1, ''),
(84, 3, 83, 'I0045', 1, ''),
(85, 3, 84, 'I0045', 1, ''),
(86, 3, 85, 'I0045', 1, ''),
(87, 3, 86, 'I0045', 1, ''),
(88, 3, 87, 'I0045', 1, ''),
(89, 3, 88, 'I0045', 1, ''),
(90, 3, 89, 'I0045', 1, ''),
(91, 3, 90, 'I0045', 1, ''),
(92, 3, 91, 'I0045', 1, ''),
(93, 3, 92, 'I0045', 1, ''),
(94, 3, 93, 'I0045', 1, ''),
(95, 3, 94, 'B1400', 1, ''),
(96, 3, 95, 'B2100', 1, ''),
(97, 3, 95, 'B2101', 1, ''),
(98, 3, 96, 'B2200', 1, ''),
(99, 3, 97, 'C2850', 1, ''),
(100, 3, 98, 'C3357', 1, ''),
(101, 3, 99, 'D1653', 1, ''),
(102, 3, 100, 'D2700', 1, ''),
(103, 3, 101, 'D3200', 1, ''),
(104, 3, 102, 'D3300', 1, ''),
(105, 3, 103, 'F3300', 1, ''),
(106, 3, 103, 'F3350', 1, ''),
(107, 3, 104, 'G2200', 1, ''),
(108, 3, 105, 'H1487', 1, ''),
(109, 3, 106, 'M2105', 1, ''),
(110, 3, 107, 'N1103', 1, ''),
(111, 3, 108, 'N1104', 1, ''),
(112, 3, 109, 'N1105', 1, ''),
(113, 3, 110, 'N1504', 1, ''),
(114, 3, 111, 'N1515', 1, ''),
(115, 3, 112, 'N1517', 1, ''),
(116, 3, 113, 'N1651', 1, ''),
(117, 3, 114, 'N1653', 1, ''),
(118, 3, 115, 'N1654', 1, ''),
(119, 3, 116, 'N2000', 1, ''),
(120, 3, 117, 'N2001', 1, ''),
(121, 3, 118, 'N2037', 1, ''),
(122, 3, 119, 'N2150', 1, ''),
(123, 3, 120, 'N2200', 1, ''),
(124, 3, 121, 'N2400', 1, ''),
(125, 3, 122, 'N2402', 1, ''),
(126, 3, 123, 'N2500', 1, ''),
(127, 3, 124, 'N2800', 1, ''),
(128, 3, 125, 'N3201', 1, ''),
(129, 3, 126, 'N3252', 1, ''),
(130, 3, 127, 'N3301', 1, ''),
(131, 3, 128, 'N3350', 1, ''),
(132, 3, 129, 'N6300', 1, ''),
(133, 3, 130, 'S2400', 1, ''),
(134, 3, 131, 'S2401', 1, ''),
(135, 3, 132, 'S2402', 1, ''),
(136, 3, 133, 'S2403', 1, ''),
(137, 3, 134, 'V1100', 1, ''),
(138, 3, 135, 'V1656', 1, ''),
(139, 3, 136, 'V1657', 1, ''),
(140, 3, 137, 'V2000', 1, ''),
(141, 3, 138, 'V2002', 1, ''),
(142, 3, 138, 'V2003', 1, ''),
(143, 3, 138, 'V2400', 1, ''),
(144, 3, 138, 'V2406', 1, ''),
(145, 3, 139, 'V2410', 1, ''),
(146, 3, 139, 'V2411', 1, ''),
(147, 3, 140, 'V2420', 1, ''),
(148, 3, 140, 'V2422', 1, ''),
(149, 3, 138, 'V3208', 1, ''),
(150, 3, 136, 'V3300', 1, ''),
(151, 3, 141, 'V3301', 1, ''),
(152, 3, 142, 'V3302', 1, ''),
(153, 3, 142, 'V3310', 1, ''),
(154, 3, 143, 'V3370', 1, ''),
(155, 3, 138, 'V3388', 1, ''),
(156, 3, 137, 'V6300', 1, ''),
(157, 3, 137, 'V6301', 1, ''),
(158, 3, 144, 'X1476', 1, ''),
(159, 3, 145, 'X1505', 1, ''),
(160, 3, 146, 'X1650', 1, ''),
(161, 3, 147, 'X2070', 1, ''),
(162, 3, 148, 'X2500', 1, ''),
(163, 3, 149, 'X2700', 1, ''),
(164, 3, 150, 'X3200', 1, ''),
(165, 3, 151, 'X3300', 1, ''),
(166, 3, 152, 'X6700', 1, ''),
(167, 3, 153, 'X6701', 1, ''),
(168, 3, 152, 'X6702', 1, ''),
(169, 3, 153, 'X7400', 1, ''),
(170, 3, 153, 'X7401', 1, ''),
(171, 3, 154, 'X7402', 1, ''),
(172, 3, 155, 'X7403', 1, ''),
(173, 3, 155, 'X7404', 1, ''),
(174, 3, 156, 'X7406', 1, ''),
(175, 3, 156, 'X7407', 1, ''),
(176, 3, 156, 'X7408', 1, ''),
(177, 3, 156, 'X7409', 1, ''),
(178, 3, 157, 'Z1600', 1, ''),
(179, 3, 157, 'Z1601', 1, ''),
(180, 3, 157, 'Z1650', 1, ''),
(181, 3, 157, 'Z1651', 1, ''),
(182, 3, 157, 'Z1652', 1, ''),
(183, 3, 157, 'Z1653', 1, ''),
(184, 3, 158, 'Z2000', 1, ''),
(185, 3, 137, 'Z3300', 1, ''),
(186, 3, 157, 'Z3301', 1, ''),
(187, 3, 159, 'Z6300', 1, ''),
(188, 3, 160, 'Z6700', 1, ''),
(189, 2, 161, 'I0001', 1, ''),
(190, 2, 162, 'I0005', 1, ''),
(191, 2, 163, 'I0007', 1, ''),
(192, 2, 164, 'I0012', 1, ''),
(193, 2, 165, 'I0013', 2, ''),
(194, 2, 166, 'I0014', 1, ''),
(195, 2, 167, 'A3', 1, ''),
(196, 2, 168, 'I0015', 1, ''),
(197, 2, 169, 'I0016', 1, '2nd source'),
(198, 2, 170, 'I0016', 1, ''),
(199, 2, 171, 'I0017', 1, ''),
(200, 2, 172, 'I0019', 2, ''),
(201, 2, 173, 'I0020', 1, ''),
(202, 2, 174, 'I0022', 1, ''),
(203, 2, 175, 'I0023', 1, ''),
(204, 2, 176, 'I0024', 1, ''),
(205, 2, 177, 'I0025', 4, ''),
(206, 2, 178, 'I0026', 1, ''),
(207, 2, 179, 'I0027', 1, ''),
(208, 2, 180, 'I0028', 1, ''),
(209, 2, 181, 'I0035', 1, ''),
(210, 2, 182, 'I0036', 1, ''),
(211, 2, 183, 'I0038', 2, ''),
(212, 2, 184, 'I0039', 2, ''),
(213, 2, 185, 'I0041', 1, ''),
(214, 2, 186, 'I0046', 1, ''),
(215, 2, 187, 'I0047', 1, 'For more detailed instructions please see SR1587. Note: 1 pc = 1 sheet (75 pcs on a sheet)'),
(216, 2, 188, '', 1, ''),
(217, 2, 189, '', 1, ''),
(218, 2, 190, '', 1, ''),
(219, 2, 191, 'A1', 1, ''),
(220, 2, 192, 'A1', 1, ''),
(221, 2, 193, 'A1', 1, ''),
(222, 2, 194, 'A1', 1, ''),
(223, 2, 195, 'A1', 1, ''),
(224, 2, 196, 'A1', 1, ''),
(225, 2, 197, 'A2', 1, ''),
(226, 2, 198, 'A2', 1, ''),
(227, 2, 199, 'A2', 1, ''),
(228, 2, 200, 'A2', 1, ''),
(229, 2, 201, 'A2', 1, ''),
(230, 2, 202, 'A2', 1, ''),
(231, 2, 203, 'A5', 1, ''),
(232, 2, 204, 'A5', 1, ''),
(233, 2, 205, 'A5', 1, ''),
(234, 2, 206, 'A5', 1, ''),
(235, 2, 207, 'A5', 1, ''),
(236, 2, 208, 'A5', 1, ''),
(237, 2, 209, 'A5', 1, ''),
(238, 2, 210, 'A5', 1, ''),
(239, 2, 211, 'A5', 1, ''),
(240, 2, 212, 'A5', 1, ''),
(241, 2, 213, 'I0033', 1, ''),
(242, 2, 214, 'I0033', 1, ''),
(243, 2, 215, 'I0033', 1, ''),
(244, 2, 216, 'I0033', 1, ''),
(245, 2, 217, 'I0033', 1, ''),
(246, 2, 218, 'I0033', 1, ''),
(247, 2, 219, 'I0034', 1, ''),
(248, 2, 220, 'I0034', 1, ''),
(249, 2, 221, 'I0034', 1, ''),
(250, 2, 222, 'I0034', 1, ''),
(251, 2, 223, 'I0034', 1, ''),
(252, 2, 224, 'I0034', 1, ''),
(253, 2, 225, 'A6', 1, ''),
(254, 2, 226, 'A6', 1, ''),
(255, 2, 227, 'A6', 1, ''),
(256, 2, 228, 'A6', 1, ''),
(257, 2, 229, 'A6', 1, ''),
(258, 2, 230, 'A6', 1, ''),
(259, 2, 231, 'I0045', 1, ''),
(260, 2, 232, 'I0045', 1, ''),
(261, 2, 233, 'I0045', 1, ''),
(262, 2, 234, 'I0045', 1, ''),
(263, 2, 235, 'I0045', 1, ''),
(264, 2, 236, 'I0045', 1, ''),
(265, 2, 237, 'I0045', 1, ''),
(266, 2, 238, 'I0045', 1, ''),
(267, 2, 239, 'I0045', 1, ''),
(268, 2, 240, 'I0045', 1, ''),
(269, 2, 241, 'I0045', 1, ''),
(270, 2, 242, 'I0045', 1, ''),
(271, 2, 243, 'I0045', 1, ''),
(272, 2, 244, 'I0045', 1, ''),
(273, 2, 245, 'I0045', 1, ''),
(274, 2, 246, 'I0045', 1, ''),
(275, 2, 247, 'I0045', 1, ''),
(276, 2, 248, 'I0045', 1, ''),
(277, 2, 249, 'I0045', 1, ''),
(278, 2, 250, 'I0045', 1, ''),
(279, 2, 251, 'B1400', 1, ''),
(280, 2, 252, 'B2100', 1, ''),
(281, 2, 252, 'B2101', 1, ''),
(282, 2, 253, 'B2200', 1, ''),
(283, 2, 254, 'C2850', 1, ''),
(284, 2, 255, 'C3357', 1, ''),
(285, 2, 256, 'D1653', 1, ''),
(286, 2, 257, 'D2700', 1, ''),
(287, 2, 258, 'D3200', 1, ''),
(288, 2, 259, 'D3300', 1, ''),
(289, 2, 260, 'F3300', 1, ''),
(290, 2, 260, 'F3350', 1, ''),
(291, 2, 261, 'G2200', 1, ''),
(292, 2, 262, 'H1487', 1, ''),
(293, 2, 263, 'M2105', 1, ''),
(294, 2, 264, 'N1103', 1, ''),
(295, 2, 265, 'N1104', 1, ''),
(296, 2, 266, 'N1105', 1, ''),
(297, 2, 267, 'N1504', 1, ''),
(298, 2, 268, 'N1515', 1, ''),
(299, 2, 269, 'N1517', 1, ''),
(300, 2, 270, 'N1651', 1, ''),
(301, 2, 271, 'N1653', 1, ''),
(302, 2, 272, 'N1654', 1, ''),
(303, 2, 273, 'N2000', 1, ''),
(304, 2, 274, 'N2001', 1, ''),
(305, 2, 275, 'N2037', 1, ''),
(306, 2, 276, 'N2150', 1, ''),
(307, 2, 277, 'N2200', 1, ''),
(308, 2, 278, 'N2400', 1, ''),
(309, 2, 279, 'N2402', 1, ''),
(310, 2, 280, 'N2500', 1, ''),
(311, 2, 281, 'N2800', 1, ''),
(312, 2, 282, 'N3201', 1, ''),
(313, 2, 283, 'N3252', 1, ''),
(314, 2, 284, 'N3301', 1, ''),
(315, 2, 285, 'N3350', 1, ''),
(316, 2, 286, 'N6300', 1, ''),
(317, 2, 287, 'S2400', 1, ''),
(318, 2, 288, 'S2401', 1, ''),
(319, 2, 289, 'S2402', 1, ''),
(320, 2, 290, 'S2403', 1, ''),
(321, 2, 291, 'V1100', 1, ''),
(322, 2, 292, 'V1656', 1, ''),
(323, 2, 293, 'V1657', 1, ''),
(324, 2, 294, 'V2000', 1, ''),
(325, 2, 295, 'V2002', 1, ''),
(326, 2, 295, 'V2003', 1, ''),
(327, 2, 295, 'V2400', 1, ''),
(328, 2, 295, 'V2406', 1, ''),
(329, 2, 296, 'V2410', 1, ''),
(330, 2, 296, 'V2411', 1, ''),
(331, 2, 297, 'V2420', 1, ''),
(332, 2, 297, 'V2422', 1, ''),
(333, 2, 295, 'V3208', 1, ''),
(334, 2, 293, 'V3300', 1, ''),
(335, 2, 298, 'V3301', 1, ''),
(336, 2, 299, 'V3302', 1, ''),
(337, 2, 299, 'V3310', 1, ''),
(338, 2, 300, 'V3370', 1, ''),
(339, 2, 295, 'V3388', 1, ''),
(340, 2, 294, 'V6300', 1, ''),
(341, 2, 294, 'V6301', 1, ''),
(342, 2, 301, 'X1476', 1, ''),
(343, 2, 302, 'X1505', 1, ''),
(344, 2, 303, 'X1650', 1, ''),
(345, 2, 304, 'X2070', 1, ''),
(346, 2, 305, 'X2500', 1, ''),
(347, 2, 306, 'X2700', 1, ''),
(348, 2, 307, 'X3200', 1, ''),
(349, 2, 308, 'X3300', 1, ''),
(350, 2, 309, 'X6700', 1, ''),
(351, 2, 310, 'X6701', 1, ''),
(352, 2, 309, 'X6702', 1, ''),
(353, 2, 310, 'X7400', 1, ''),
(354, 2, 310, 'X7401', 1, ''),
(355, 2, 311, 'X7402', 1, ''),
(356, 2, 312, 'X7403', 1, ''),
(357, 2, 312, 'X7404', 1, ''),
(358, 2, 313, 'X7406', 1, ''),
(359, 2, 313, 'X7407', 1, ''),
(360, 2, 313, 'X7408', 1, ''),
(361, 2, 313, 'X7409', 1, ''),
(362, 2, 314, 'Z1600', 1, ''),
(363, 2, 314, 'Z1601', 1, ''),
(364, 2, 314, 'Z1650', 1, ''),
(365, 2, 314, 'Z1651', 1, ''),
(366, 2, 314, 'Z1652', 1, ''),
(367, 2, 314, 'Z1653', 1, ''),
(368, 2, 315, 'Z2000', 1, ''),
(369, 2, 294, 'Z3300', 1, ''),
(370, 2, 314, 'Z3301', 1, ''),
(371, 2, 316, 'Z6300', 1, ''),
(372, 2, 317, 'Z6700', 1, '');

--
-- Dumping data for table `phones_parts_regions_rel`
--

INSERT INTO `phones_parts_regions_rel` (`part_id`, `region_id`) VALUES
(1, 7),
(1, 8),
(1, 13),
(1, 14),
(1, 15),
(1, 16),
(1, 17),
(1, 18),
(1, 19),
(2, 7),
(2, 8),
(2, 13),
(2, 14),
(2, 15),
(2, 16),
(2, 17),
(2, 18),
(2, 19),
(3, 7),
(3, 13),
(3, 14),
(3, 15),
(3, 16),
(3, 17),
(3, 18),
(3, 19),
(5, 7),
(5, 8),
(5, 13),
(5, 14),
(5, 15),
(5, 16),
(5, 17),
(5, 18),
(5, 19),
(6, 7),
(6, 8),
(6, 13),
(6, 14),
(6, 15),
(6, 16),
(6, 17),
(6, 18),
(6, 19),
(7, 7),
(7, 8),
(7, 13),
(7, 14),
(7, 15),
(7, 16),
(7, 17),
(7, 18),
(7, 19),
(8, 7),
(8, 8),
(8, 13),
(8, 14),
(8, 15),
(8, 16),
(8, 17),
(8, 18),
(8, 19),
(9, 7),
(9, 8),
(9, 13),
(9, 14),
(9, 15),
(9, 16),
(9, 17),
(9, 18),
(9, 19),
(10, 7),
(10, 8),
(10, 13),
(10, 14),
(10, 15),
(10, 16),
(10, 17),
(10, 18),
(10, 19),
(11, 7),
(11, 8),
(11, 13),
(11, 14),
(11, 15),
(11, 16),
(11, 17),
(11, 18),
(11, 19),
(12, 7),
(12, 8),
(12, 13),
(12, 14),
(12, 15),
(12, 16),
(12, 17),
(12, 18),
(12, 19),
(14, 7),
(14, 8),
(14, 13),
(14, 14),
(14, 15),
(14, 16),
(14, 17),
(14, 18),
(14, 19),
(15, 7),
(15, 8),
(15, 13),
(15, 14),
(15, 15),
(15, 16),
(15, 17),
(15, 18),
(15, 19),
(16, 7),
(16, 8),
(16, 13),
(16, 14),
(16, 15),
(16, 16),
(16, 17),
(16, 18),
(16, 19),
(17, 7),
(17, 8),
(17, 13),
(17, 14),
(17, 15),
(17, 16),
(17, 17),
(17, 18),
(17, 19),
(18, 7),
(18, 8),
(18, 13),
(18, 14),
(18, 15),
(18, 16),
(18, 17),
(18, 18),
(18, 19),
(19, 7),
(19, 8),
(19, 13),
(19, 14),
(19, 15),
(19, 16),
(19, 17),
(19, 18),
(19, 19),
(20, 7),
(20, 8),
(20, 13),
(20, 14),
(20, 15),
(20, 16),
(20, 17),
(20, 18),
(20, 19),
(21, 7),
(21, 8),
(21, 13),
(21, 14),
(21, 15),
(21, 16),
(21, 17),
(21, 18),
(21, 19),
(22, 7),
(22, 8),
(22, 13),
(22, 14),
(22, 15),
(22, 16),
(22, 17),
(22, 18),
(22, 19),
(23, 7),
(23, 8),
(23, 13),
(23, 14),
(23, 15),
(23, 16),
(23, 17),
(23, 18),
(23, 19),
(24, 7),
(24, 8),
(24, 13),
(24, 14),
(24, 15),
(24, 16),
(24, 17),
(24, 18),
(24, 19),
(25, 7),
(25, 8),
(25, 13),
(25, 14),
(25, 15),
(25, 16),
(25, 17),
(25, 18),
(25, 19),
(26, 7),
(26, 8),
(26, 13),
(26, 14),
(26, 15),
(26, 16),
(26, 17),
(26, 18),
(26, 19),
(27, 7),
(27, 8),
(27, 13),
(27, 14),
(27, 15),
(27, 16),
(27, 17),
(27, 18),
(27, 19),
(29, 7),
(29, 8),
(29, 13),
(29, 14),
(29, 15),
(29, 16),
(29, 17),
(29, 18),
(29, 19),
(30, 7),
(30, 8),
(30, 13),
(30, 14),
(30, 15),
(30, 16),
(30, 17),
(30, 18),
(30, 19),
(31, 7),
(31, 8),
(31, 13),
(31, 14),
(31, 15),
(31, 16),
(31, 17),
(31, 18),
(31, 19),
(32, 8),
(33, 7),
(33, 8),
(33, 13),
(33, 14),
(33, 15),
(33, 16),
(33, 17),
(33, 18),
(33, 19),
(34, 15),
(35, 7),
(35, 8),
(35, 13),
(35, 14),
(35, 16),
(35, 19),
(36, 7),
(36, 8),
(36, 13),
(36, 14),
(36, 15),
(36, 16),
(36, 17),
(36, 18),
(36, 19),
(37, 7),
(37, 8),
(37, 13),
(37, 14),
(37, 15),
(37, 16),
(37, 18),
(37, 19),
(38, 7),
(38, 8),
(38, 13),
(38, 14),
(38, 16),
(38, 19),
(39, 7),
(39, 8),
(39, 13),
(39, 14),
(39, 15),
(39, 16),
(39, 18),
(39, 19),
(40, 7),
(40, 8),
(40, 13),
(40, 14),
(40, 15),
(40, 16),
(40, 17),
(40, 18),
(40, 19),
(41, 7),
(41, 8),
(41, 13),
(41, 14),
(41, 15),
(41, 16),
(41, 17),
(41, 18),
(41, 19),
(42, 7),
(42, 8),
(42, 13),
(42, 14),
(42, 16),
(42, 19),
(43, 7),
(43, 8),
(43, 13),
(43, 14),
(43, 15),
(43, 16),
(43, 18),
(43, 19),
(44, 7),
(44, 8),
(44, 13),
(44, 14),
(44, 15),
(44, 16),
(44, 18),
(44, 19),
(45, 7),
(45, 8),
(45, 13),
(45, 14),
(45, 16),
(45, 17),
(45, 19),
(46, 7),
(46, 8),
(46, 13),
(46, 14),
(46, 15),
(46, 16),
(46, 17),
(46, 18),
(46, 19),
(47, 7),
(47, 8),
(47, 13),
(47, 14),
(47, 16),
(47, 19),
(48, 7),
(48, 8),
(48, 13),
(48, 14),
(48, 15),
(48, 16),
(48, 17),
(48, 18),
(48, 19),
(49, 7),
(49, 8),
(49, 13),
(49, 14),
(49, 15),
(49, 16),
(49, 18),
(49, 19),
(50, 7),
(50, 8),
(50, 13),
(50, 14),
(50, 16),
(50, 19),
(51, 7),
(51, 8),
(51, 13),
(51, 14),
(51, 15),
(51, 16),
(51, 18),
(51, 19),
(52, 8),
(53, 8),
(54, 8),
(55, 8),
(56, 7),
(56, 8),
(56, 13),
(56, 14),
(56, 15),
(56, 16),
(56, 17),
(56, 18),
(56, 19),
(57, 7),
(57, 8),
(57, 13),
(57, 14),
(57, 16),
(57, 19),
(58, 7),
(58, 8),
(58, 13),
(58, 14),
(58, 15),
(58, 16),
(58, 17),
(58, 18),
(58, 19),
(59, 7),
(59, 8),
(59, 13),
(59, 14),
(59, 15),
(59, 16),
(59, 18),
(59, 19),
(60, 7),
(60, 8),
(60, 13),
(60, 14),
(60, 16),
(60, 19),
(61, 7),
(61, 8),
(61, 13),
(61, 14),
(61, 15),
(61, 16),
(61, 18),
(61, 19),
(62, 7),
(62, 8),
(62, 13),
(62, 14),
(62, 15),
(62, 16),
(62, 17),
(62, 18),
(62, 19),
(63, 7),
(63, 8),
(63, 13),
(63, 14),
(63, 16),
(63, 19),
(64, 7),
(64, 8),
(64, 13),
(64, 14),
(64, 15),
(64, 16),
(64, 17),
(64, 18),
(64, 19),
(65, 7),
(65, 8),
(65, 13),
(65, 14),
(65, 15),
(65, 16),
(65, 18),
(65, 19),
(66, 7),
(66, 8),
(66, 13),
(66, 14),
(66, 16),
(66, 19),
(67, 7),
(67, 8),
(67, 13),
(67, 14),
(67, 15),
(67, 16),
(67, 18),
(67, 19),
(68, 7),
(68, 8),
(68, 13),
(68, 14),
(68, 15),
(68, 16),
(68, 17),
(68, 18),
(68, 19),
(69, 7),
(69, 8),
(69, 13),
(69, 14),
(69, 16),
(69, 19),
(70, 7),
(70, 8),
(70, 13),
(70, 14),
(70, 15),
(70, 16),
(70, 17),
(70, 18),
(70, 19),
(71, 7),
(71, 8),
(71, 13),
(71, 14),
(71, 15),
(71, 16),
(71, 18),
(71, 19),
(72, 7),
(72, 8),
(72, 13),
(72, 14),
(72, 16),
(72, 19),
(73, 7),
(73, 8),
(73, 13),
(73, 14),
(73, 15),
(73, 16),
(73, 18),
(73, 19),
(74, 7),
(74, 8),
(74, 13),
(74, 14),
(74, 15),
(74, 16),
(74, 17),
(74, 18),
(74, 19),
(75, 7),
(75, 8),
(75, 13),
(76, 8),
(77, 7),
(78, 7),
(79, 7),
(80, 7),
(81, 15),
(82, 14),
(82, 16),
(83, 14),
(84, 14),
(85, 14),
(86, 14),
(87, 14),
(88, 13),
(89, 13),
(90, 19),
(91, 17),
(94, 18),
(95, 7),
(95, 8),
(95, 13),
(95, 14),
(95, 15),
(95, 16),
(95, 17),
(95, 18),
(95, 19),
(96, 7),
(96, 8),
(96, 13),
(96, 14),
(96, 15),
(96, 16),
(96, 17),
(96, 18),
(96, 19),
(97, 7),
(97, 8),
(97, 13),
(97, 14),
(97, 15),
(97, 16),
(97, 17),
(97, 18),
(97, 19),
(98, 7),
(98, 8),
(98, 13),
(98, 14),
(98, 15),
(98, 16),
(98, 17),
(98, 18),
(98, 19),
(99, 7),
(99, 8),
(99, 13),
(99, 14),
(99, 15),
(99, 16),
(99, 17),
(99, 18),
(99, 19),
(100, 7),
(100, 8),
(100, 13),
(100, 14),
(100, 15),
(100, 16),
(100, 17),
(100, 18),
(100, 19),
(101, 7),
(101, 8),
(101, 13),
(101, 14),
(101, 15),
(101, 16),
(101, 17),
(101, 18),
(101, 19),
(102, 7),
(102, 8),
(102, 13),
(102, 14),
(102, 15),
(102, 16),
(102, 17),
(102, 18),
(102, 19),
(103, 7),
(103, 8),
(103, 13),
(103, 14),
(103, 15),
(103, 16),
(103, 17),
(103, 18),
(103, 19),
(104, 7),
(104, 8),
(104, 13),
(104, 14),
(104, 15),
(104, 16),
(104, 17),
(104, 18),
(104, 19),
(105, 7),
(105, 8),
(105, 13),
(105, 14),
(105, 15),
(105, 16),
(105, 17),
(105, 18),
(105, 19),
(106, 7),
(106, 8),
(106, 13),
(106, 14),
(106, 15),
(106, 16),
(106, 17),
(106, 18),
(106, 19),
(107, 7),
(107, 8),
(107, 13),
(107, 14),
(107, 15),
(107, 16),
(107, 17),
(107, 18),
(107, 19),
(108, 7),
(108, 8),
(108, 13),
(108, 14),
(108, 15),
(108, 16),
(108, 17),
(108, 18),
(108, 19),
(109, 7),
(109, 8),
(109, 13),
(109, 14),
(109, 15),
(109, 16),
(109, 17),
(109, 18),
(109, 19),
(110, 7),
(110, 8),
(110, 13),
(110, 14),
(110, 15),
(110, 16),
(110, 17),
(110, 18),
(110, 19),
(111, 7),
(111, 8),
(111, 13),
(111, 14),
(111, 15),
(111, 16),
(111, 17),
(111, 18),
(111, 19),
(112, 7),
(112, 8),
(112, 13),
(112, 14),
(112, 15),
(112, 16),
(112, 17),
(112, 18),
(112, 19),
(113, 7),
(113, 8),
(113, 13),
(113, 14),
(113, 15),
(113, 16),
(113, 17),
(113, 18),
(113, 19),
(114, 7),
(114, 8),
(114, 13),
(114, 14),
(114, 15),
(114, 16),
(114, 17),
(114, 18),
(114, 19),
(115, 7),
(115, 8),
(115, 13),
(115, 14),
(115, 15),
(115, 16),
(115, 17),
(115, 18),
(115, 19),
(116, 7),
(116, 8),
(116, 13),
(116, 14),
(116, 15),
(116, 16),
(116, 17),
(116, 18),
(116, 19),
(117, 7),
(117, 8),
(117, 13),
(117, 14),
(117, 15),
(117, 16),
(117, 17),
(117, 18),
(117, 19),
(118, 7),
(118, 8),
(118, 13),
(118, 14),
(118, 15),
(118, 16),
(118, 17),
(118, 18),
(118, 19),
(119, 7),
(119, 8),
(119, 13),
(119, 14),
(119, 15),
(119, 16),
(119, 17),
(119, 18),
(119, 19),
(120, 7),
(120, 8),
(120, 13),
(120, 14),
(120, 15),
(120, 16),
(120, 17),
(120, 18),
(120, 19),
(121, 7),
(121, 8),
(121, 13),
(121, 14),
(121, 15),
(121, 16),
(121, 17),
(121, 18),
(121, 19),
(122, 7),
(122, 8),
(122, 13),
(122, 14),
(122, 15),
(122, 16),
(122, 17),
(122, 18),
(122, 19),
(123, 7),
(123, 8),
(123, 13),
(123, 14),
(123, 15),
(123, 16),
(123, 17),
(123, 18),
(123, 19),
(124, 7),
(124, 8),
(124, 13),
(124, 14),
(124, 15),
(124, 16),
(124, 17),
(124, 18),
(124, 19),
(125, 7),
(125, 8),
(125, 13),
(125, 14),
(125, 15),
(125, 16),
(125, 17),
(125, 18),
(125, 19),
(126, 7),
(126, 8),
(126, 13),
(126, 14),
(126, 15),
(126, 16),
(126, 17),
(126, 18),
(126, 19),
(127, 7),
(127, 8),
(127, 13),
(127, 14),
(127, 15),
(127, 16),
(127, 17),
(127, 18),
(127, 19),
(128, 7),
(128, 8),
(128, 13),
(128, 14),
(128, 15),
(128, 16),
(128, 17),
(128, 18),
(128, 19),
(129, 7),
(129, 8),
(129, 13),
(129, 14),
(129, 15),
(129, 16),
(129, 17),
(129, 18),
(129, 19),
(130, 7),
(130, 8),
(130, 13),
(130, 14),
(130, 15),
(130, 16),
(130, 17),
(130, 18),
(130, 19),
(131, 7),
(131, 8),
(131, 13),
(131, 14),
(131, 15),
(131, 16),
(131, 17),
(131, 18),
(131, 19),
(132, 7),
(132, 8),
(132, 13),
(132, 14),
(132, 15),
(132, 16),
(132, 17),
(132, 18),
(132, 19),
(133, 7),
(133, 8),
(133, 13),
(133, 14),
(133, 15),
(133, 16),
(133, 17),
(133, 18),
(133, 19),
(134, 7),
(134, 8),
(134, 13),
(134, 14),
(134, 15),
(134, 16),
(134, 17),
(134, 18),
(134, 19),
(135, 7),
(135, 8),
(135, 13),
(135, 14),
(135, 15),
(135, 16),
(135, 17),
(135, 18),
(135, 19),
(136, 7),
(136, 8),
(136, 13),
(136, 14),
(136, 15),
(136, 16),
(136, 17),
(136, 18),
(136, 19),
(137, 7),
(137, 8),
(137, 13),
(137, 14),
(137, 15),
(137, 16),
(137, 17),
(137, 18),
(137, 19),
(138, 7),
(138, 8),
(138, 13),
(138, 14),
(138, 15),
(138, 16),
(138, 17),
(138, 18),
(138, 19),
(139, 7),
(139, 8),
(139, 13),
(139, 14),
(139, 15),
(139, 16),
(139, 17),
(139, 18),
(139, 19),
(140, 7),
(140, 8),
(140, 13),
(140, 14),
(140, 15),
(140, 16),
(140, 17),
(140, 18),
(140, 19),
(141, 7),
(141, 8),
(141, 13),
(141, 14),
(141, 15),
(141, 16),
(141, 17),
(141, 18),
(141, 19),
(142, 7),
(142, 8),
(142, 13),
(142, 14),
(142, 15),
(142, 16),
(142, 17),
(142, 18),
(142, 19),
(143, 7),
(143, 8),
(143, 13),
(143, 14),
(143, 15),
(143, 16),
(143, 17),
(143, 18),
(143, 19),
(144, 7),
(144, 8),
(144, 13),
(144, 14),
(144, 15),
(144, 16),
(144, 17),
(144, 18),
(144, 19),
(145, 7),
(145, 8),
(145, 13),
(145, 14),
(145, 15),
(145, 16),
(145, 17),
(145, 18),
(145, 19),
(146, 7),
(146, 8),
(146, 13),
(146, 14),
(146, 15),
(146, 16),
(146, 17),
(146, 18),
(146, 19),
(147, 7),
(147, 8),
(147, 13),
(147, 14),
(147, 15),
(147, 16),
(147, 17),
(147, 18),
(147, 19),
(148, 7),
(148, 8),
(148, 13),
(148, 14),
(148, 15),
(148, 16),
(148, 17),
(148, 18),
(148, 19),
(149, 7),
(149, 8),
(149, 13),
(149, 14),
(149, 15),
(149, 16),
(149, 17),
(149, 18),
(149, 19),
(150, 7),
(150, 8),
(150, 13),
(150, 14),
(150, 15),
(150, 16),
(150, 17),
(150, 18),
(150, 19),
(151, 7),
(151, 8),
(151, 13),
(151, 14),
(151, 15),
(151, 16),
(151, 17),
(151, 18),
(151, 19),
(152, 7),
(152, 8),
(152, 13),
(152, 14),
(152, 15),
(152, 16),
(152, 17),
(152, 18),
(152, 19),
(153, 7),
(153, 8),
(153, 13),
(153, 14),
(153, 15),
(153, 16),
(153, 17),
(153, 18),
(153, 19),
(154, 7),
(154, 8),
(154, 13),
(154, 14),
(154, 15),
(154, 16),
(154, 17),
(154, 18),
(154, 19),
(155, 7),
(155, 8),
(155, 13),
(155, 14),
(155, 15),
(155, 16),
(155, 17),
(155, 18),
(155, 19),
(156, 7),
(156, 8),
(156, 13),
(156, 14),
(156, 15),
(156, 16),
(156, 17),
(156, 18),
(156, 19),
(157, 7),
(157, 8),
(157, 13),
(157, 14),
(157, 15),
(157, 16),
(157, 17),
(157, 18),
(157, 19),
(158, 7),
(158, 8),
(158, 13),
(158, 14),
(158, 15),
(158, 16),
(158, 17),
(158, 18),
(158, 19),
(159, 7),
(159, 8),
(159, 13),
(159, 14),
(159, 15),
(159, 16),
(159, 17),
(159, 18),
(159, 19),
(160, 7),
(160, 8),
(160, 13),
(160, 14),
(160, 15),
(160, 16),
(160, 17),
(160, 18),
(160, 19),
(161, 7),
(161, 8),
(161, 13),
(161, 14),
(161, 15),
(161, 16),
(161, 17),
(161, 18),
(161, 19),
(162, 7),
(162, 8),
(162, 13),
(162, 14),
(162, 15),
(162, 16),
(162, 17),
(162, 18),
(162, 19),
(163, 7),
(163, 8),
(163, 13),
(163, 14),
(163, 15),
(163, 16),
(163, 17),
(163, 18),
(163, 19),
(164, 7),
(164, 8),
(164, 13),
(164, 14),
(164, 15),
(164, 16),
(164, 17),
(164, 18),
(164, 19),
(165, 7),
(165, 8),
(165, 13),
(165, 14),
(165, 15),
(165, 16),
(165, 17),
(165, 18),
(165, 19),
(166, 7),
(166, 8),
(166, 13),
(166, 14),
(166, 15),
(166, 16),
(166, 17),
(166, 18),
(166, 19),
(167, 7),
(167, 8),
(167, 13),
(167, 14),
(167, 15),
(167, 16),
(167, 17),
(167, 18),
(167, 19),
(168, 7),
(168, 8),
(168, 13),
(168, 14),
(168, 15),
(168, 16),
(168, 17),
(168, 18),
(168, 19),
(169, 7),
(169, 8),
(169, 13),
(169, 14),
(169, 15),
(169, 16),
(169, 17),
(169, 18),
(169, 19),
(170, 7),
(170, 8),
(170, 13),
(170, 14),
(170, 15),
(170, 16),
(170, 17),
(170, 18),
(170, 19),
(171, 7),
(171, 8),
(171, 13),
(171, 14),
(171, 15),
(171, 16),
(171, 17),
(171, 18),
(171, 19),
(172, 7),
(172, 8),
(172, 13),
(172, 14),
(172, 15),
(172, 16),
(172, 17),
(172, 18),
(172, 19),
(173, 7),
(173, 8),
(173, 13),
(173, 14),
(173, 15),
(173, 16),
(173, 17),
(173, 18),
(173, 19),
(174, 7),
(174, 8),
(174, 13),
(174, 14),
(174, 15),
(174, 16),
(174, 17),
(174, 18),
(174, 19),
(175, 7),
(175, 8),
(175, 13),
(175, 14),
(175, 15),
(175, 16),
(175, 17),
(175, 18),
(175, 19),
(176, 7),
(176, 8),
(176, 13),
(176, 14),
(176, 15),
(176, 16),
(176, 17),
(176, 18),
(176, 19),
(177, 7),
(177, 8),
(177, 13),
(177, 14),
(177, 15),
(177, 16),
(177, 17),
(177, 18),
(177, 19),
(178, 7),
(178, 8),
(178, 13),
(178, 14),
(178, 15),
(178, 16),
(178, 17),
(178, 18),
(178, 19),
(179, 7),
(179, 8),
(179, 13),
(179, 14),
(179, 15),
(179, 16),
(179, 17),
(179, 18),
(179, 19),
(180, 7),
(180, 8),
(180, 13),
(180, 14),
(180, 15),
(180, 16),
(180, 17),
(180, 18),
(180, 19),
(181, 7),
(181, 8),
(181, 13),
(181, 14),
(181, 15),
(181, 16),
(181, 17),
(181, 18),
(181, 19),
(182, 7),
(182, 8),
(182, 13),
(182, 14),
(182, 15),
(182, 16),
(182, 17),
(182, 18),
(182, 19),
(183, 7),
(183, 8),
(183, 13),
(183, 14),
(183, 15),
(183, 16),
(183, 17),
(183, 18),
(183, 19),
(184, 7),
(184, 8),
(184, 13),
(184, 14),
(184, 15),
(184, 16),
(184, 17),
(184, 18),
(184, 19),
(185, 7),
(185, 8),
(185, 13),
(185, 14),
(185, 15),
(185, 16),
(185, 17),
(185, 18),
(185, 19),
(186, 7),
(186, 8),
(186, 13),
(186, 14),
(186, 15),
(186, 16),
(186, 17),
(186, 18),
(186, 19),
(187, 7),
(187, 8),
(187, 13),
(187, 14),
(187, 15),
(187, 16),
(187, 17),
(187, 18),
(187, 19),
(188, 7),
(188, 8),
(188, 13),
(188, 14),
(188, 15),
(188, 16),
(188, 17),
(188, 18),
(188, 19),
(189, 7),
(189, 8),
(189, 13),
(189, 14),
(189, 15),
(189, 16),
(189, 17),
(189, 18),
(189, 19),
(190, 7),
(190, 8),
(190, 13),
(190, 14),
(190, 15),
(190, 16),
(190, 17),
(190, 18),
(190, 19),
(191, 7),
(191, 8),
(191, 13),
(191, 14),
(191, 15),
(191, 16),
(191, 17),
(191, 18),
(191, 19),
(192, 7),
(192, 8),
(192, 13),
(192, 14),
(192, 15),
(192, 16),
(192, 17),
(192, 18),
(192, 19),
(193, 7),
(193, 8),
(193, 13),
(193, 14),
(193, 15),
(193, 16),
(193, 17),
(193, 18),
(193, 19),
(194, 7),
(194, 8),
(194, 13),
(194, 14),
(194, 15),
(194, 16),
(194, 17),
(194, 18),
(194, 19),
(195, 7),
(195, 8),
(195, 13),
(195, 14),
(195, 15),
(195, 16),
(195, 17),
(195, 18),
(195, 19),
(196, 7),
(196, 8),
(196, 13),
(196, 14),
(196, 15),
(196, 16),
(196, 17),
(196, 18),
(196, 19),
(198, 7),
(198, 8),
(198, 13),
(198, 14),
(198, 15),
(198, 16),
(198, 17),
(198, 18),
(198, 19),
(199, 7),
(199, 8),
(199, 13),
(199, 14),
(199, 15),
(199, 16),
(199, 17),
(199, 18),
(199, 19),
(200, 7),
(200, 8),
(200, 13),
(200, 14),
(200, 15),
(200, 16),
(200, 17),
(200, 18),
(200, 19),
(201, 7),
(201, 8),
(201, 13),
(201, 14),
(201, 15),
(201, 16),
(201, 17),
(201, 18),
(201, 19),
(202, 7),
(202, 8),
(202, 13),
(202, 14),
(202, 15),
(202, 16),
(202, 17),
(202, 18),
(202, 19),
(203, 7),
(203, 8),
(203, 13),
(203, 14),
(203, 15),
(203, 16),
(203, 17),
(203, 18),
(203, 19),
(204, 7),
(204, 8),
(204, 13),
(204, 14),
(204, 15),
(204, 16),
(204, 17),
(204, 18),
(204, 19),
(205, 7),
(205, 8),
(205, 13),
(205, 14),
(205, 15),
(205, 16),
(205, 17),
(205, 18),
(205, 19),
(206, 7),
(206, 8),
(206, 13),
(206, 14),
(206, 15),
(206, 16),
(206, 17),
(206, 18),
(206, 19),
(207, 7),
(207, 8),
(207, 13),
(207, 14),
(207, 15),
(207, 16),
(207, 17),
(207, 18),
(207, 19),
(208, 7),
(208, 8),
(208, 13),
(208, 14),
(208, 15),
(208, 16),
(208, 17),
(208, 18),
(208, 19),
(209, 7),
(209, 8),
(209, 13),
(209, 14),
(209, 15),
(209, 16),
(209, 17),
(209, 18),
(209, 19),
(210, 7),
(210, 8),
(210, 13),
(210, 14),
(210, 15),
(210, 16),
(210, 17),
(210, 18),
(210, 19),
(211, 7),
(211, 8),
(211, 13),
(211, 14),
(211, 15),
(211, 16),
(211, 17),
(211, 18),
(211, 19),
(213, 7),
(213, 8),
(213, 13),
(213, 14),
(213, 15),
(213, 16),
(213, 17),
(213, 18),
(213, 19),
(214, 7),
(214, 8),
(214, 13),
(214, 14),
(214, 15),
(214, 16),
(214, 17),
(214, 18),
(214, 19),
(215, 7),
(215, 8),
(215, 13),
(215, 14),
(215, 15),
(215, 16),
(215, 17),
(215, 18),
(215, 19),
(216, 8),
(217, 7),
(217, 8),
(217, 13),
(217, 14),
(217, 15),
(217, 16),
(217, 17),
(217, 18),
(217, 19),
(218, 15),
(219, 7),
(219, 8),
(219, 13),
(219, 14),
(219, 16),
(219, 19),
(220, 7),
(220, 8),
(220, 13),
(220, 14),
(220, 15),
(220, 16),
(220, 17),
(220, 18),
(220, 19),
(221, 7),
(221, 8),
(221, 13),
(221, 14),
(221, 15),
(221, 16),
(221, 18),
(221, 19),
(222, 7),
(222, 8),
(222, 13),
(222, 14),
(222, 16),
(222, 19),
(223, 7),
(223, 8),
(223, 13),
(223, 14),
(223, 15),
(223, 16),
(223, 18),
(223, 19),
(224, 7),
(224, 8),
(224, 13),
(224, 14),
(224, 15),
(224, 16),
(224, 17),
(224, 18),
(224, 19),
(225, 7),
(225, 8),
(225, 13),
(225, 14),
(225, 15),
(225, 16),
(225, 17),
(225, 18),
(225, 19),
(226, 7),
(226, 8),
(226, 13),
(226, 14),
(226, 16),
(226, 19),
(227, 7),
(227, 8),
(227, 13),
(227, 14),
(227, 15),
(227, 16),
(227, 18),
(227, 19),
(228, 7),
(228, 8),
(228, 13),
(228, 14),
(228, 15),
(228, 16),
(228, 18),
(228, 19),
(229, 7),
(229, 8),
(229, 13),
(229, 14),
(229, 16),
(229, 17),
(229, 19),
(230, 7),
(230, 8),
(230, 13),
(230, 14),
(230, 15),
(230, 16),
(230, 17),
(230, 18),
(230, 19),
(231, 7),
(231, 8),
(231, 13),
(231, 14),
(231, 16),
(231, 19),
(232, 7),
(232, 8),
(232, 13),
(232, 14),
(232, 15),
(232, 16),
(232, 17),
(232, 18),
(232, 19),
(233, 7),
(233, 8),
(233, 13),
(233, 14),
(233, 15),
(233, 16),
(233, 18),
(233, 19),
(234, 7),
(234, 8),
(234, 13),
(234, 14),
(234, 16),
(234, 19),
(235, 7),
(235, 8),
(235, 13),
(235, 14),
(235, 15),
(235, 16),
(235, 18),
(235, 19),
(236, 8),
(237, 8),
(238, 8),
(239, 8),
(240, 7),
(240, 8),
(240, 13),
(240, 14),
(240, 15),
(240, 16),
(240, 17),
(240, 18),
(240, 19),
(241, 7),
(241, 8),
(241, 13),
(241, 14),
(241, 16),
(241, 19),
(242, 7),
(242, 8),
(242, 13),
(242, 14),
(242, 15),
(242, 16),
(242, 17),
(242, 18),
(242, 19),
(243, 7),
(243, 8),
(243, 13),
(243, 14),
(243, 15),
(243, 16),
(243, 18),
(243, 19),
(244, 7),
(244, 8),
(244, 13),
(244, 14),
(244, 16),
(244, 19),
(245, 7),
(245, 8),
(245, 13),
(245, 14),
(245, 15),
(245, 16),
(245, 18),
(245, 19),
(246, 7),
(246, 8),
(246, 13),
(246, 14),
(246, 15),
(246, 16),
(246, 17),
(246, 18),
(246, 19),
(247, 7),
(247, 8),
(247, 13),
(247, 14),
(247, 16),
(247, 19),
(248, 7),
(248, 8),
(248, 13),
(248, 14),
(248, 15),
(248, 16),
(248, 17),
(248, 18),
(248, 19),
(249, 7),
(249, 8),
(249, 13),
(249, 14),
(249, 15),
(249, 16),
(249, 18),
(249, 19),
(250, 7),
(250, 8),
(250, 13),
(250, 14),
(250, 16),
(250, 19),
(251, 7),
(251, 8),
(251, 13),
(251, 14),
(251, 15),
(251, 16),
(251, 18),
(251, 19),
(252, 7),
(252, 8),
(252, 13),
(252, 14),
(252, 15),
(252, 16),
(252, 17),
(252, 18),
(252, 19),
(253, 7),
(253, 8),
(253, 13),
(253, 14),
(253, 16),
(253, 19),
(254, 7),
(254, 8),
(254, 13),
(254, 14),
(254, 15),
(254, 16),
(254, 17),
(254, 18),
(254, 19),
(255, 7),
(255, 8),
(255, 13),
(255, 14),
(255, 15),
(255, 16),
(255, 18),
(255, 19),
(256, 7),
(256, 8),
(256, 13),
(256, 14),
(256, 16),
(256, 19),
(257, 7),
(257, 8),
(257, 13),
(257, 14),
(257, 15),
(257, 16),
(257, 18),
(257, 19),
(258, 7),
(258, 8),
(258, 13),
(258, 14),
(258, 15),
(258, 16),
(258, 17),
(258, 18),
(258, 19),
(259, 7),
(259, 8),
(259, 13),
(260, 8),
(261, 7),
(262, 7),
(263, 7),
(264, 7),
(265, 15),
(266, 14),
(266, 16),
(267, 14),
(268, 14),
(269, 14),
(270, 14),
(271, 14),
(272, 13),
(273, 13),
(274, 19),
(275, 17),
(278, 18),
(279, 7),
(279, 8),
(279, 13),
(279, 14),
(279, 15),
(279, 16),
(279, 17),
(279, 18),
(279, 19),
(280, 7),
(280, 8),
(280, 13),
(280, 14),
(280, 15),
(280, 16),
(280, 17),
(280, 18),
(280, 19),
(281, 7),
(281, 8),
(281, 13),
(281, 14),
(281, 15),
(281, 16),
(281, 17),
(281, 18),
(281, 19),
(282, 7),
(282, 8),
(282, 13),
(282, 14),
(282, 15),
(282, 16),
(282, 17),
(282, 18),
(282, 19),
(283, 7),
(283, 8),
(283, 13),
(283, 14),
(283, 15),
(283, 16),
(283, 17),
(283, 18),
(283, 19),
(284, 7),
(284, 8),
(284, 13),
(284, 14),
(284, 15),
(284, 16),
(284, 17),
(284, 18),
(284, 19),
(285, 7),
(285, 8),
(285, 13),
(285, 14),
(285, 15),
(285, 16),
(285, 17),
(285, 18),
(285, 19),
(286, 7),
(286, 8),
(286, 13),
(286, 14),
(286, 15),
(286, 16),
(286, 17),
(286, 18),
(286, 19),
(287, 7),
(287, 8),
(287, 13),
(287, 14),
(287, 15),
(287, 16),
(287, 17),
(287, 18),
(287, 19),
(288, 7),
(288, 8),
(288, 13),
(288, 14),
(288, 15),
(288, 16),
(288, 17),
(288, 18),
(288, 19),
(289, 7),
(289, 8),
(289, 13),
(289, 14),
(289, 15),
(289, 16),
(289, 17),
(289, 18),
(289, 19),
(290, 7),
(290, 8),
(290, 13),
(290, 14),
(290, 15),
(290, 16),
(290, 17),
(290, 18),
(290, 19),
(291, 7),
(291, 8),
(291, 13),
(291, 14),
(291, 15),
(291, 16),
(291, 17),
(291, 18),
(291, 19),
(292, 7),
(292, 8),
(292, 13),
(292, 14),
(292, 15),
(292, 16),
(292, 17),
(292, 18),
(292, 19),
(293, 7),
(293, 8),
(293, 13),
(293, 14),
(293, 15),
(293, 16),
(293, 17),
(293, 18),
(293, 19),
(294, 7),
(294, 8),
(294, 13),
(294, 14),
(294, 15),
(294, 16),
(294, 17),
(294, 18),
(294, 19),
(295, 7),
(295, 8),
(295, 13),
(295, 14),
(295, 15),
(295, 16),
(295, 17),
(295, 18),
(295, 19),
(296, 7),
(296, 8),
(296, 13),
(296, 14),
(296, 15),
(296, 16),
(296, 17),
(296, 18),
(296, 19),
(297, 7),
(297, 8),
(297, 13),
(297, 14),
(297, 15),
(297, 16),
(297, 17),
(297, 18),
(297, 19),
(298, 7),
(298, 8),
(298, 13),
(298, 14),
(298, 15),
(298, 16),
(298, 17),
(298, 18),
(298, 19),
(299, 7),
(299, 8),
(299, 13),
(299, 14),
(299, 15),
(299, 16),
(299, 17),
(299, 18),
(299, 19),
(300, 7),
(300, 8),
(300, 13),
(300, 14),
(300, 15),
(300, 16),
(300, 17),
(300, 18),
(300, 19),
(301, 7),
(301, 8),
(301, 13),
(301, 14),
(301, 15),
(301, 16),
(301, 17),
(301, 18),
(301, 19),
(302, 7),
(302, 8),
(302, 13),
(302, 14),
(302, 15),
(302, 16),
(302, 17),
(302, 18),
(302, 19),
(303, 7),
(303, 8),
(303, 13),
(303, 14),
(303, 15),
(303, 16),
(303, 17),
(303, 18),
(303, 19),
(304, 7),
(304, 8),
(304, 13),
(304, 14),
(304, 15),
(304, 16),
(304, 17),
(304, 18),
(304, 19),
(305, 7),
(305, 8),
(305, 13),
(305, 14),
(305, 15),
(305, 16),
(305, 17),
(305, 18),
(305, 19),
(306, 7),
(306, 8),
(306, 13),
(306, 14),
(306, 15),
(306, 16),
(306, 17),
(306, 18),
(306, 19),
(307, 7),
(307, 8),
(307, 13),
(307, 14),
(307, 15),
(307, 16),
(307, 17),
(307, 18),
(307, 19),
(308, 7),
(308, 8),
(308, 13),
(308, 14),
(308, 15),
(308, 16),
(308, 17),
(308, 18),
(308, 19),
(309, 7),
(309, 8),
(309, 13),
(309, 14),
(309, 15),
(309, 16),
(309, 17),
(309, 18),
(309, 19),
(310, 7),
(310, 8),
(310, 13),
(310, 14),
(310, 15),
(310, 16),
(310, 17),
(310, 18),
(310, 19),
(311, 7),
(311, 8),
(311, 13),
(311, 14),
(311, 15),
(311, 16),
(311, 17),
(311, 18),
(311, 19),
(312, 7),
(312, 8),
(312, 13),
(312, 14),
(312, 15),
(312, 16),
(312, 17),
(312, 18),
(312, 19),
(313, 7),
(313, 8),
(313, 13),
(313, 14),
(313, 15),
(313, 16),
(313, 17),
(313, 18),
(313, 19),
(314, 7),
(314, 8),
(314, 13),
(314, 14),
(314, 15),
(314, 16),
(314, 17),
(314, 18),
(314, 19),
(315, 7),
(315, 8),
(315, 13),
(315, 14),
(315, 15),
(315, 16),
(315, 17),
(315, 18),
(315, 19),
(316, 7),
(316, 8),
(316, 13),
(316, 14),
(316, 15),
(316, 16),
(316, 17),
(316, 18),
(316, 19),
(317, 7),
(317, 8),
(317, 13),
(317, 14),
(317, 15),
(317, 16),
(317, 17),
(317, 18),
(317, 19),
(318, 7),
(318, 8),
(318, 13),
(318, 14),
(318, 15),
(318, 16),
(318, 17),
(318, 18),
(318, 19),
(319, 7),
(319, 8),
(319, 13),
(319, 14),
(319, 15),
(319, 16),
(319, 17),
(319, 18),
(319, 19),
(320, 7),
(320, 8),
(320, 13),
(320, 14),
(320, 15),
(320, 16),
(320, 17),
(320, 18),
(320, 19),
(321, 7),
(321, 8),
(321, 13),
(321, 14),
(321, 15),
(321, 16),
(321, 17),
(321, 18),
(321, 19),
(322, 7),
(322, 8),
(322, 13),
(322, 14),
(322, 15),
(322, 16),
(322, 17),
(322, 18),
(322, 19),
(323, 7),
(323, 8),
(323, 13),
(323, 14),
(323, 15),
(323, 16),
(323, 17),
(323, 18),
(323, 19),
(324, 7),
(324, 8),
(324, 13),
(324, 14),
(324, 15),
(324, 16),
(324, 17),
(324, 18),
(324, 19),
(325, 7),
(325, 8),
(325, 13),
(325, 14),
(325, 15),
(325, 16),
(325, 17),
(325, 18),
(325, 19),
(326, 7),
(326, 8),
(326, 13),
(326, 14),
(326, 15),
(326, 16),
(326, 17),
(326, 18),
(326, 19),
(327, 7),
(327, 8),
(327, 13),
(327, 14),
(327, 15),
(327, 16),
(327, 17),
(327, 18),
(327, 19),
(328, 7),
(328, 8),
(328, 13),
(328, 14),
(328, 15),
(328, 16),
(328, 17),
(328, 18),
(328, 19),
(329, 7),
(329, 8),
(329, 13),
(329, 14),
(329, 15),
(329, 16),
(329, 17),
(329, 18),
(329, 19),
(330, 7),
(330, 8),
(330, 13),
(330, 14),
(330, 15),
(330, 16),
(330, 17),
(330, 18),
(330, 19),
(331, 7),
(331, 8),
(331, 13),
(331, 14),
(331, 15),
(331, 16),
(331, 17),
(331, 18),
(331, 19),
(332, 7),
(332, 8),
(332, 13),
(332, 14),
(332, 15),
(332, 16),
(332, 17),
(332, 18),
(332, 19),
(333, 7),
(333, 8),
(333, 13),
(333, 14),
(333, 15),
(333, 16),
(333, 17),
(333, 18),
(333, 19),
(334, 7),
(334, 8),
(334, 13),
(334, 14),
(334, 15),
(334, 16),
(334, 17),
(334, 18),
(334, 19),
(335, 7),
(335, 8),
(335, 13),
(335, 14),
(335, 15),
(335, 16),
(335, 17),
(335, 18),
(335, 19),
(336, 7),
(336, 8),
(336, 13),
(336, 14),
(336, 15),
(336, 16),
(336, 17),
(336, 18),
(336, 19),
(337, 7),
(337, 8),
(337, 13),
(337, 14),
(337, 15),
(337, 16),
(337, 17),
(337, 18),
(337, 19),
(338, 7),
(338, 8),
(338, 13),
(338, 14),
(338, 15),
(338, 16),
(338, 17),
(338, 18),
(338, 19),
(339, 7),
(339, 8),
(339, 13),
(339, 14),
(339, 15),
(339, 16),
(339, 17),
(339, 18),
(339, 19),
(340, 7),
(340, 8),
(340, 13),
(340, 14),
(340, 15),
(340, 16),
(340, 17),
(340, 18),
(340, 19),
(341, 7),
(341, 8),
(341, 13),
(341, 14),
(341, 15),
(341, 16),
(341, 17),
(341, 18),
(341, 19),
(342, 7),
(342, 8),
(342, 13),
(342, 14),
(342, 15),
(342, 16),
(342, 17),
(342, 18),
(342, 19),
(343, 7),
(343, 8),
(343, 13),
(343, 14),
(343, 15),
(343, 16),
(343, 17),
(343, 18),
(343, 19),
(344, 7),
(344, 8),
(344, 13),
(344, 14),
(344, 15),
(344, 16),
(344, 17),
(344, 18),
(344, 19),
(345, 7),
(345, 8),
(345, 13),
(345, 14),
(345, 15),
(345, 16),
(345, 17),
(345, 18),
(345, 19),
(346, 7),
(346, 8),
(346, 13),
(346, 14),
(346, 15),
(346, 16),
(346, 17),
(346, 18),
(346, 19),
(347, 7),
(347, 8),
(347, 13),
(347, 14),
(347, 15),
(347, 16),
(347, 17),
(347, 18),
(347, 19),
(348, 7),
(348, 8),
(348, 13),
(348, 14),
(348, 15),
(348, 16),
(348, 17),
(348, 18),
(348, 19),
(349, 7),
(349, 8),
(349, 13),
(349, 14),
(349, 15),
(349, 16),
(349, 17),
(349, 18),
(349, 19),
(350, 7),
(350, 8),
(350, 13),
(350, 14),
(350, 15),
(350, 16),
(350, 17),
(350, 18),
(350, 19),
(351, 7),
(351, 8),
(351, 13),
(351, 14),
(351, 15),
(351, 16),
(351, 17),
(351, 18),
(351, 19),
(352, 7),
(352, 8),
(352, 13),
(352, 14),
(352, 15),
(352, 16),
(352, 17),
(352, 18),
(352, 19),
(353, 7),
(353, 8),
(353, 13),
(353, 14),
(353, 15),
(353, 16),
(353, 17),
(353, 18),
(353, 19),
(354, 7),
(354, 8),
(354, 13),
(354, 14),
(354, 15),
(354, 16),
(354, 17),
(354, 18),
(354, 19),
(355, 7),
(355, 8),
(355, 13),
(355, 14),
(355, 15),
(355, 16),
(355, 17),
(355, 18),
(355, 19),
(356, 7),
(356, 8),
(356, 13),
(356, 14),
(356, 15),
(356, 16),
(356, 17),
(356, 18),
(356, 19),
(357, 7),
(357, 8),
(357, 13),
(357, 14),
(357, 15),
(357, 16),
(357, 17),
(357, 18),
(357, 19),
(358, 7),
(358, 8),
(358, 13),
(358, 14),
(358, 15),
(358, 16),
(358, 17),
(358, 18),
(358, 19),
(359, 7),
(359, 8),
(359, 13),
(359, 14),
(359, 15),
(359, 16),
(359, 17),
(359, 18),
(359, 19),
(360, 7),
(360, 8),
(360, 13),
(360, 14),
(360, 15),
(360, 16),
(360, 17),
(360, 18),
(360, 19),
(361, 7),
(361, 8),
(361, 13),
(361, 14),
(361, 15),
(361, 16),
(361, 17),
(361, 18),
(361, 19),
(362, 7),
(362, 8),
(362, 13),
(362, 14),
(362, 15),
(362, 16),
(362, 17),
(362, 18),
(362, 19),
(363, 7),
(363, 8),
(363, 13),
(363, 14),
(363, 15),
(363, 16),
(363, 17),
(363, 18),
(363, 19),
(364, 7),
(364, 8),
(364, 13),
(364, 14),
(364, 15),
(364, 16),
(364, 17),
(364, 18),
(364, 19),
(365, 7),
(365, 8),
(365, 13),
(365, 14),
(365, 15),
(365, 16),
(365, 17),
(365, 18),
(365, 19),
(366, 7),
(366, 8),
(366, 13),
(366, 14),
(366, 15),
(366, 16),
(366, 17),
(366, 18),
(366, 19),
(367, 7),
(367, 8),
(367, 13),
(367, 14),
(367, 15),
(367, 16),
(367, 17),
(367, 18),
(367, 19),
(368, 7),
(368, 8),
(368, 13),
(368, 14),
(368, 15),
(368, 16),
(368, 17),
(368, 18),
(368, 19),
(369, 7),
(369, 8),
(369, 13),
(369, 14),
(369, 15),
(369, 16),
(369, 17),
(369, 18),
(369, 19),
(370, 7),
(370, 8),
(370, 13),
(370, 14),
(370, 15),
(370, 16),
(370, 17),
(370, 18),
(370, 19),
(371, 7),
(371, 8),
(371, 13),
(371, 14),
(371, 15),
(371, 16),
(371, 17),
(371, 18),
(371, 19),
(372, 7),
(372, 8),
(372, 13),
(372, 14),
(372, 15),
(372, 16),
(372, 17),
(372, 18),
(372, 19);

--
-- Dumping data for table `regions`
--

INSERT INTO `regions` (`id`, `name`, `default`) VALUES
(8, 'EUROPE', 0),
(7, 'EURASIA', 1),
(13, 'MEA', 0),
(14, 'SEAP', 0),
(15, 'CHINA', 0),
(16, 'INDIA', 0),
(17, 'LTA', 0),
(18, 'BRAZIL', 0),
(19, 'NAM', 0);

--
-- Dumping data for table `sessions_data`
--

INSERT INTO `sessions_data` (`session_id`, `ip_address`, `user_agent`, `last_activity`, `user_data`) VALUES
('12623fbff671633c43c9ca6caa62cc9b', '127.0.0.1', 'Mozilla/5.0 (Windows NT 5.1; rv:7.0.1) Gecko/20100', 1321563128, 'a:5:{s:5:"email";s:15:"admin@admin.com";s:2:"id";s:1:"1";s:7:"user_id";s:1:"1";s:8:"group_id";s:1:"1";s:5:"group";s:5:"admin";}');

--
-- Dumping data for table `users`
--

INSERT INTO `users` (`id`, `group_id`, `ip_address`, `username`, `password`, `salt`, `email`, `activation_code`, `forgotten_password_code`, `remember_code`, `created_on`, `last_login`, `active`) VALUES
(1, 1, '127.0.0.1', 'administrator', '59beecdf7fc966e2f17fd8f65a4a9aeb09d4a3d4', '9462e8eee0', 'admin@admin.com', '', NULL, '9d029802e28cd9c768e8e62277c0df49ec65c48c', 1268889823, 1321560659, 1);

--
-- Dumping data for table `vendors`
--

INSERT INTO `vendors` (`id`, `name`, `status`, `show`) VALUES
(1, 'Nokia', 1, 1),
(8, 'Samsung', 1, 1),
(40, 'Fly', 1, 1);
COMMIT;
